decision_id,meeting_id,country_code,country,central_bank,decision_body,instrument,announced_at,announced_at_local,announced_date,effective_date,level_kind,rate_pct,rate_bps,rate_low_pct,rate_high_pct,direction,change_bps,off_cycle,era_change,vote_for,vote_against,dissents,unanimous,stance,statement_url,excerpt,evidence,source_ids,release_hash,record_text
IN-2016-10-04,IN-2016-10-04,IN,India,Reserve Bank of India,Monetary Policy Committee,Policy repo rate,2016-10-04T04:30:00.000Z,2016-10-04T10:00:00+05:30,2016-10-04,2016-10-04,point,6.25,625,6.25,6.25,cut,-25,false,false,6,0,[],true,,https://www.rbi.org.in/Scripts/BS_PressReleaseDisplay.aspx?prid=38224,The Monetary Policy Committee (MPC) decided to: reduce the policy repo rate under the liquidity adjustment facility (LAF) by 25 basis points from 6.5 per cent to 6.25 per cent with immediate effect.,statement,"[""in-mpc-38224""]",6b9bdc02c553c5cdb32c49c1a749a6e7760d2e0adcfe28990fed8b9719739060,On 4 Oct 2016 the Reserve Bank of India’s Monetary Policy Committee cut the policy repo rate by 25 bps to 6.25%. The vote was 6–0.
IN-2016-12-07,IN-2016-12-07,IN,India,Reserve Bank of India,Monetary Policy Committee,Policy repo rate,2016-12-07T04:30:00.000Z,2016-12-07T10:00:00+05:30,2016-12-07,2016-12-07,point,6.25,625,6.25,6.25,hold,0,false,false,6,0,[],true,,https://www.rbi.org.in/Scripts/BS_PressReleaseDisplay.aspx?prid=38818,The Monetary Policy Committee (MPC) decided to: keep the policy repo rate under the liquidity adjustment facility (LAF) unchanged at 6.25 per cent.,statement,"[""in-mpc-38818""]",6b9bdc02c553c5cdb32c49c1a749a6e7760d2e0adcfe28990fed8b9719739060,On 7 Dec 2016 the Reserve Bank of India’s Monetary Policy Committee held the policy repo rate at 6.25%. The vote was 6–0.
IN-2017-02-08,IN-2017-02-08,IN,India,Reserve Bank of India,Monetary Policy Committee,Policy repo rate,2017-02-08T04:30:00.000Z,2017-02-08T10:00:00+05:30,2017-02-08,2017-02-08,point,6.25,625,6.25,6.25,hold,0,false,false,6,0,[],true,,https://www.rbi.org.in/Scripts/BS_PressReleaseDisplay.aspx?prid=39505,The Monetary Policy Committee (MPC) decided to: keep the policy repo rate under the liquidity adjustment facility (LAF) unchanged at 6.25 per cent.,statement,"[""in-mpc-39505""]",6b9bdc02c553c5cdb32c49c1a749a6e7760d2e0adcfe28990fed8b9719739060,On 8 Feb 2017 the Reserve Bank of India’s Monetary Policy Committee held the policy repo rate at 6.25%. The vote was 6–0.
IN-2017-04-06,IN-2017-04-06,IN,India,Reserve Bank of India,Monetary Policy Committee,Policy repo rate,2017-04-06T04:30:00.000Z,2017-04-06T10:00:00+05:30,2017-04-06,2017-04-06,point,6.25,625,6.25,6.25,hold,0,false,false,6,0,[],true,,https://www.rbi.org.in/Scripts/BS_PressReleaseDisplay.aspx?prid=40069,The Monetary Policy Committee (MPC) decided to: keep the policy repo rate under the liquidity adjustment facility (LAF) unchanged at 6.25 per cent.,statement,"[""in-mpc-40069""]",6b9bdc02c553c5cdb32c49c1a749a6e7760d2e0adcfe28990fed8b9719739060,On 6 Apr 2017 the Reserve Bank of India’s Monetary Policy Committee held the policy repo rate at 6.25%. The vote was 6–0.
IN-2017-06-07,IN-2017-06-07,IN,India,Reserve Bank of India,Monetary Policy Committee,Policy repo rate,2017-06-07T04:30:00.000Z,2017-06-07T10:00:00+05:30,2017-06-07,2017-06-07,point,6.25,625,6.25,6.25,hold,0,false,false,,,[],,,https://www.rbi.org.in/Scripts/BS_PressReleaseDisplay.aspx?prid=40685,The Monetary Policy Committee (MPC) decided to: keep the policy repo rate under the liquidity adjustment facility (LAF) unchanged at 6.25 per cent.,statement,"[""in-mpc-40685""]",6b9bdc02c553c5cdb32c49c1a749a6e7760d2e0adcfe28990fed8b9719739060,On 7 Jun 2017 the Reserve Bank of India’s Monetary Policy Committee held the policy repo rate at 6.25%.
IN-2017-08-02,IN-2017-08-02,IN,India,Reserve Bank of India,Monetary Policy Committee,Policy repo rate,2017-08-02T04:30:00.000Z,2017-08-02T10:00:00+05:30,2017-08-02,2017-08-02,point,6.0,600,6.0,6.0,cut,-25,false,false,,,[],,,https://www.rbi.org.in/Scripts/BS_PressReleaseDisplay.aspx?prid=41256,The Monetary Policy Committee (MPC) decided to: reduce the policy repo rate under the liquidity adjustment facility (LAF) by 25 basis points from 6.25 per cent to 6.0 per cent with immediate effect.,statement,"[""in-mpc-41256""]",6b9bdc02c553c5cdb32c49c1a749a6e7760d2e0adcfe28990fed8b9719739060,On 2 Aug 2017 the Reserve Bank of India’s Monetary Policy Committee cut the policy repo rate by 25 bps to 6.00%.
IN-2017-10-04,IN-2017-10-04,IN,India,Reserve Bank of India,Monetary Policy Committee,Policy repo rate,2017-10-04T04:30:00.000Z,2017-10-04T10:00:00+05:30,2017-10-04,2017-10-04,point,6.0,600,6.0,6.0,hold,0,false,false,,,[],,,https://www.rbi.org.in/Scripts/BS_PressReleaseDisplay.aspx?prid=41852,The Monetary Policy Committee (MPC) decided to: keep the policy repo rate under the liquidity adjustment facility (LAF) unchanged at 6.0 per cent.,statement,"[""in-mpc-41852""]",6b9bdc02c553c5cdb32c49c1a749a6e7760d2e0adcfe28990fed8b9719739060,On 4 Oct 2017 the Reserve Bank of India’s Monetary Policy Committee held the policy repo rate at 6.00%.
IN-2017-12-06,IN-2017-12-06,IN,India,Reserve Bank of India,Monetary Policy Committee,Policy repo rate,2017-12-06T04:30:00.000Z,2017-12-06T10:00:00+05:30,2017-12-06,2017-12-06,point,6.0,600,6.0,6.0,hold,0,false,false,,,[],,,https://www.rbi.org.in/Scripts/BS_PressReleaseDisplay.aspx?prid=42476,The Monetary Policy Committee (MPC) decided to: keep the policy repo rate under the liquidity adjustment facility (LAF) unchanged at 6.0 per cent.,statement,"[""in-mpc-42476""]",6b9bdc02c553c5cdb32c49c1a749a6e7760d2e0adcfe28990fed8b9719739060,On 6 Dec 2017 the Reserve Bank of India’s Monetary Policy Committee held the policy repo rate at 6.00%.
IN-2018-02-07,IN-2018-02-07,IN,India,Reserve Bank of India,Monetary Policy Committee,Policy repo rate,2018-02-07T04:30:00.000Z,2018-02-07T10:00:00+05:30,2018-02-07,2018-02-07,point,6.0,600,6.0,6.0,hold,0,false,false,5,1,"[""Dr. Michael Debabrata Patra""]",false,,https://www.rbi.org.in/Scripts/BS_PressReleaseDisplay.aspx?prid=43078,The Monetary Policy Committee (MPC) decided to: keep the policy repo rate under the liquidity adjustment facility (LAF) unchanged at 6.0 per cent.,statement,"[""in-mpc-43078""]",6b9bdc02c553c5cdb32c49c1a749a6e7760d2e0adcfe28990fed8b9719739060,On 7 Feb 2018 the Reserve Bank of India’s Monetary Policy Committee held the policy repo rate at 6.00%. The vote was 5–1.
IN-2018-04-05,IN-2018-04-05,IN,India,Reserve Bank of India,Monetary Policy Committee,Policy repo rate,2018-04-05T04:30:00.000Z,2018-04-05T10:00:00+05:30,2018-04-05,2018-04-05,point,6.0,600,6.0,6.0,hold,0,false,false,5,1,"[""Dr. Michael Debabrata Patra""]",false,,https://www.rbi.org.in/Scripts/BS_PressReleaseDisplay.aspx?prid=43573,The Monetary Policy Committee (MPC) decided to: keep the policy repo rate under the liquidity adjustment facility (LAF) unchanged at 6.0 per cent.,statement,"[""in-mpc-43573""]",6b9bdc02c553c5cdb32c49c1a749a6e7760d2e0adcfe28990fed8b9719739060,On 5 Apr 2018 the Reserve Bank of India’s Monetary Policy Committee held the policy repo rate at 6.00%. The vote was 5–1.
IN-2018-06-06,IN-2018-06-06,IN,India,Reserve Bank of India,Monetary Policy Committee,Policy repo rate,2018-06-06T04:30:00.000Z,2018-06-06T10:00:00+05:30,2018-06-06,2018-06-06,point,6.25,625,6.25,6.25,hike,25,false,false,6,0,[],true,,https://www.rbi.org.in/Scripts/BS_PressReleaseDisplay.aspx?prid=44125,The Monetary Policy Committee (MPC) decided to: increase the policy repo rate under the liquidity adjustment facility (LAF) by 25 basis points to 6.25 per cent.,statement,"[""in-mpc-44125""]",6b9bdc02c553c5cdb32c49c1a749a6e7760d2e0adcfe28990fed8b9719739060,On 6 Jun 2018 the Reserve Bank of India’s Monetary Policy Committee raised the policy repo rate by 25 bps to 6.25%. The vote was 6–0.
IN-2018-08-01,IN-2018-08-01,IN,India,Reserve Bank of India,Monetary Policy Committee,Policy repo rate,2018-08-01T04:30:00.000Z,2018-08-01T10:00:00+05:30,2018-08-01,2018-08-01,point,6.5,650,6.5,6.5,hike,25,false,false,,,[],,,https://www.rbi.org.in/Scripts/BS_PressReleaseDisplay.aspx?prid=44636,The Monetary Policy Committee (MPC) decided to: increase the policy repo rate under the liquidity adjustment facility (LAF) by 25 basis points to 6.5 per cent.,statement,"[""in-mpc-44636""]",6b9bdc02c553c5cdb32c49c1a749a6e7760d2e0adcfe28990fed8b9719739060,On 1 Aug 2018 the Reserve Bank of India’s Monetary Policy Committee raised the policy repo rate by 25 bps to 6.50%.
IN-2018-10-05,IN-2018-10-05,IN,India,Reserve Bank of India,Monetary Policy Committee,Policy repo rate,2018-10-05T04:30:00.000Z,2018-10-05T10:00:00+05:30,2018-10-05,2018-10-05,point,6.5,650,6.5,6.5,hold,0,false,false,,,[],,,https://www.rbi.org.in/Scripts/BS_PressReleaseDisplay.aspx?prid=45152,The Monetary Policy Committee (MPC) decided to: keep the policy repo rate under the liquidity adjustment facility (LAF) unchanged at 6.5 per cent.,statement,"[""in-mpc-45152""]",6b9bdc02c553c5cdb32c49c1a749a6e7760d2e0adcfe28990fed8b9719739060,On 5 Oct 2018 the Reserve Bank of India’s Monetary Policy Committee held the policy repo rate at 6.50%.
IN-2018-12-05,IN-2018-12-05,IN,India,Reserve Bank of India,Monetary Policy Committee,Policy repo rate,2018-12-05T04:30:00.000Z,2018-12-05T10:00:00+05:30,2018-12-05,2018-12-05,point,6.5,650,6.5,6.5,hold,0,false,false,,,[],,,https://www.rbi.org.in/Scripts/BS_PressReleaseDisplay.aspx?prid=45656,The Monetary Policy Committee (MPC) decided to: keep the policy repo rate under the liquidity adjustment facility (LAF) unchanged at 6.5 per cent.,statement,"[""in-mpc-45656""]",6b9bdc02c553c5cdb32c49c1a749a6e7760d2e0adcfe28990fed8b9719739060,On 5 Dec 2018 the Reserve Bank of India’s Monetary Policy Committee held the policy repo rate at 6.50%.
IN-2019-02-07,IN-2019-02-07,IN,India,Reserve Bank of India,Monetary Policy Committee,Policy repo rate,2019-02-07T04:30:00.000Z,2019-02-07T10:00:00+05:30,2019-02-07,2019-02-07,point,6.25,625,6.25,6.25,cut,-25,false,false,,,[],,,https://www.rbi.org.in/Scripts/BS_PressReleaseDisplay.aspx?prid=46235,The Monetary Policy Committee (MPC) decided to: reduce the policy repo rate under the liquidity adjustment facility (LAF) by 25 basis points from 6.5 per cent to 6.25 per cent with immediate effect.,statement,"[""in-mpc-46235""]",6b9bdc02c553c5cdb32c49c1a749a6e7760d2e0adcfe28990fed8b9719739060,On 7 Feb 2019 the Reserve Bank of India’s Monetary Policy Committee cut the policy repo rate by 25 bps to 6.25%.
IN-2019-04-04,IN-2019-04-04,IN,India,Reserve Bank of India,Monetary Policy Committee,Policy repo rate,2019-04-04T04:30:00.000Z,2019-04-04T10:00:00+05:30,2019-04-04,2019-04-04,point,6.0,600,6.0,6.0,cut,-25,false,false,4,2,"[""Dr. Chetan Ghate"",""Dr. Viral V. Acharya""]",false,,https://www.rbi.org.in/Scripts/BS_PressReleaseDisplay.aspx?prid=46722,The Monetary Policy Committee (MPC) at its meeting today decided to: reduce the policy repo rate under the liquidity adjustment facility (LAF) by 25 basis points to 6.0 per cent from 6.25 per cent with immediate effect.,statement,"[""in-mpc-46722""]",6b9bdc02c553c5cdb32c49c1a749a6e7760d2e0adcfe28990fed8b9719739060,On 4 Apr 2019 the Reserve Bank of India’s Monetary Policy Committee cut the policy repo rate by 25 bps to 6.00%. The vote was 4–2.
IN-2019-06-06,IN-2019-06-06,IN,India,Reserve Bank of India,Monetary Policy Committee,Policy repo rate,2019-06-06T04:30:00.000Z,2019-06-06T10:00:00+05:30,2019-06-06,2019-06-06,point,5.75,575,5.75,5.75,cut,-25,false,false,,,[],,,https://www.rbi.org.in/Scripts/BS_PressReleaseDisplay.aspx?prid=47225,The Monetary Policy Committee (MPC) at its meeting today decided to: reduce the policy repo rate under the liquidity adjustment facility (LAF) by 25 basis points to 5.75 per cent from 6.0 per cent with immediate effect.,statement,"[""in-mpc-47225""]",6b9bdc02c553c5cdb32c49c1a749a6e7760d2e0adcfe28990fed8b9719739060,On 6 Jun 2019 the Reserve Bank of India’s Monetary Policy Committee cut the policy repo rate by 25 bps to 5.75%.
IN-2019-08-07,IN-2019-08-07,IN,India,Reserve Bank of India,Monetary Policy Committee,Policy repo rate,2019-08-07T04:30:00.000Z,2019-08-07T10:00:00+05:30,2019-08-07,2019-08-07,point,5.4,540,5.4,5.4,cut,-35,false,false,4,2,"[""Dr. Chetan Ghate"",""Dr. Pami Dua""]",false,,https://www.rbi.org.in/Scripts/BS_PressReleaseDisplay.aspx?prid=47818,The Monetary Policy Committee (MPC) at its meeting today decided to: reduce the policy repo rate under the liquidity adjustment facility (LAF) by 35 basis points (bps) from 5.75 per cent to 5.40 per cent with immediate effect.,statement,"[""in-mpc-47818""]",6b9bdc02c553c5cdb32c49c1a749a6e7760d2e0adcfe28990fed8b9719739060,On 7 Aug 2019 the Reserve Bank of India’s Monetary Policy Committee cut the policy repo rate by 35 bps to 5.40%. The vote was 4–2.
IN-2019-10-04,IN-2019-10-04,IN,India,Reserve Bank of India,Monetary Policy Committee,Policy repo rate,2019-10-04T04:30:00.000Z,2019-10-04T10:00:00+05:30,2019-10-04,2019-10-04,point,5.15,515,5.15,5.15,cut,-25,false,false,5,1,"[""Dr. Ravindra H. Dholakia""]",false,,https://www.rbi.org.in/Scripts/BS_PressReleaseDisplay.aspx?prid=48319,"The Monetary Policy Committee (MPC) at its meeting today (October 4, 2019) decided to: reduce the policy repo rate under the liquidity adjustment facility (LAF) by 25 basis points to 5.15 per cent from 5.40 per cent with immediate effect.",statement,"[""in-mpc-48319""]",6b9bdc02c553c5cdb32c49c1a749a6e7760d2e0adcfe28990fed8b9719739060,On 4 Oct 2019 the Reserve Bank of India’s Monetary Policy Committee cut the policy repo rate by 25 bps to 5.15%. The vote was 5–1.
IN-2019-12-05,IN-2019-12-05,IN,India,Reserve Bank of India,Monetary Policy Committee,Policy repo rate,2019-12-05T04:30:00.000Z,2019-12-05T10:00:00+05:30,2019-12-05,2019-12-05,point,5.15,515,5.15,5.15,hold,0,false,false,,,[],,,https://www.rbi.org.in/Scripts/BS_PressReleaseDisplay.aspx?prid=48802,"The Monetary Policy Committee (MPC) at its meeting today (December 5, 2019) decided to: keep the policy repo rate under the liquidity adjustment facility (LAF) unchanged at 5.15 per cent.",statement,"[""in-mpc-48802""]",6b9bdc02c553c5cdb32c49c1a749a6e7760d2e0adcfe28990fed8b9719739060,On 5 Dec 2019 the Reserve Bank of India’s Monetary Policy Committee held the policy repo rate at 5.15%.
IN-2020-02-06,IN-2020-02-06,IN,India,Reserve Bank of India,Monetary Policy Committee,Policy repo rate,2020-02-06T04:30:00.000Z,2020-02-06T10:00:00+05:30,2020-02-06,2020-02-06,point,5.15,515,5.15,5.15,hold,0,false,false,6,0,[],true,,https://www.rbi.org.in/Scripts/BS_PressReleaseDisplay.aspx?prid=49342,"The Monetary Policy Committee (MPC) at its meeting today (February 6, 2020) decided to: keep the policy repo rate under the liquidity adjustment facility (LAF) unchanged at 5.15 per cent.",statement,"[""in-mpc-49342""]",6b9bdc02c553c5cdb32c49c1a749a6e7760d2e0adcfe28990fed8b9719739060,On 6 Feb 2020 the Reserve Bank of India’s Monetary Policy Committee held the policy repo rate at 5.15%. The vote was 6–0.
IN-2020-03-27,,IN,India,Reserve Bank of India,Monetary Policy Committee,Policy repo rate,2020-03-27T04:30:00.000Z,2020-03-27T10:00:00+05:30,2020-03-27,2020-03-27,point,4.4,440,4.4,4.4,cut,-75,true,false,,,[],,,https://www.rbi.org.in/Scripts/BS_PressReleaseDisplay.aspx?prid=49581,"Reduce the policy repo rate under the liquidity adjustment facility (LAF) by 75 basis points to 4.40 per cent from 5.15 per cent with immediate effect; accordingly, the marginal standing facility (MSF) rate and the Bank Rate stand reduced to 4.65 per cent from 5.40 per cent; further, consequent upon the widening of the LAF corridor as detailed in the accompanying Statement on Developmental and…",statement,"[""in-mpc-49581""]",6b9bdc02c553c5cdb32c49c1a749a6e7760d2e0adcfe28990fed8b9719739060,On 27 Mar 2020 the Reserve Bank of India’s Monetary Policy Committee cut the policy repo rate by 75 bps to 4.40%. It was an unscheduled decision.
IN-2020-05-22,,IN,India,Reserve Bank of India,Monetary Policy Committee,Policy repo rate,2020-05-22T04:30:00.000Z,2020-05-22T10:00:00+05:30,2020-05-22,2020-05-22,point,4.0,400,4.0,4.0,cut,-40,true,false,5,1,"[""Dr. Chetan Ghate""]",false,,https://www.rbi.org.in/Scripts/BS_PressReleaseDisplay.aspx?prid=49843,"Reduce the policy repo rate under the liquidity adjustment facility (LAF) by 40 bps to 4.0 per cent from 4.40 per cent with immediate effect; accordingly, the marginal standing facility (MSF) rate and the Bank Rate stand reduced to 4.25 per cent from 4.65 per cent; and the reverse repo rate under the LAF stands reduced to 3.35 per cent from 3.75 per cent.",statement,"[""in-mpc-49843""]",6b9bdc02c553c5cdb32c49c1a749a6e7760d2e0adcfe28990fed8b9719739060,On 22 May 2020 the Reserve Bank of India’s Monetary Policy Committee cut the policy repo rate by 40 bps to 4.00%. The vote was 5–1. It was an unscheduled decision.
IN-2020-08-06,IN-2020-08-06,IN,India,Reserve Bank of India,Monetary Policy Committee,Policy repo rate,2020-08-06T04:30:00.000Z,2020-08-06T10:00:00+05:30,2020-08-06,2020-08-06,point,4.0,400,4.0,4.0,hold,0,false,false,6,0,[],true,,https://www.rbi.org.in/Scripts/BS_PressReleaseDisplay.aspx?prid=50175,"The Monetary Policy Committee (MPC) at its meeting today (August 6, 2020) decided to: keep the policy repo rate under the liquidity adjustment facility (LAF) unchanged at 4.0 per cent.",statement,"[""in-mpc-50175""]",6b9bdc02c553c5cdb32c49c1a749a6e7760d2e0adcfe28990fed8b9719739060,On 6 Aug 2020 the Reserve Bank of India’s Monetary Policy Committee held the policy repo rate at 4.00%. The vote was 6–0.
IN-2020-10-09,IN-2020-10-09,IN,India,Reserve Bank of India,Monetary Policy Committee,Policy repo rate,2020-10-09T04:30:00.000Z,2020-10-09T10:00:00+05:30,2020-10-09,2020-10-09,point,4.0,400,4.0,4.0,hold,0,false,false,6,0,[],true,,https://www.rbi.org.in/Scripts/BS_PressReleaseDisplay.aspx?prid=50479,"The Monetary Policy Committee (MPC) at its meeting today (October 9, 2020) decided to: keep the policy repo rate under the liquidity adjustment facility (LAF) unchanged at 4.0 per cent.",statement,"[""in-mpc-50479""]",6b9bdc02c553c5cdb32c49c1a749a6e7760d2e0adcfe28990fed8b9719739060,On 9 Oct 2020 the Reserve Bank of India’s Monetary Policy Committee held the policy repo rate at 4.00%. The vote was 6–0.
IN-2020-12-04,IN-2020-12-04,IN,India,Reserve Bank of India,Monetary Policy Committee,Policy repo rate,2020-12-04T04:30:00.000Z,2020-12-04T10:00:00+05:30,2020-12-04,2020-12-04,point,4.0,400,4.0,4.0,hold,0,false,false,6,0,[],true,,https://www.rbi.org.in/Scripts/BS_PressReleaseDisplay.aspx?prid=50747,"The Monetary Policy Committee (MPC) at its meeting today (December 4, 2020) decided to: keep the policy repo rate under the liquidity adjustment facility (LAF) unchanged at 4.0 per cent.",statement,"[""in-mpc-50747""]",6b9bdc02c553c5cdb32c49c1a749a6e7760d2e0adcfe28990fed8b9719739060,On 4 Dec 2020 the Reserve Bank of India’s Monetary Policy Committee held the policy repo rate at 4.00%. The vote was 6–0.
IN-2021-02-05,IN-2021-02-05,IN,India,Reserve Bank of India,Monetary Policy Committee,Policy repo rate,2021-02-05T04:30:00.000Z,2021-02-05T10:00:00+05:30,2021-02-05,2021-02-05,point,4.0,400,4.0,4.0,hold,0,false,false,6,0,[],true,,https://www.rbi.org.in/Scripts/BS_PressReleaseDisplay.aspx?prid=51077,"The Monetary Policy Committee (MPC) at its meeting today (February 5, 2021) decided to: keep the policy repo rate under the liquidity adjustment facility (LAF) unchanged at 4.0 per cent.",statement,"[""in-mpc-51077""]",6b9bdc02c553c5cdb32c49c1a749a6e7760d2e0adcfe28990fed8b9719739060,On 5 Feb 2021 the Reserve Bank of India’s Monetary Policy Committee held the policy repo rate at 4.00%. The vote was 6–0.
IN-2021-04-07,IN-2021-04-07,IN,India,Reserve Bank of India,Monetary Policy Committee,Policy repo rate,2021-04-07T04:30:00.000Z,2021-04-07T10:00:00+05:30,2021-04-07,2021-04-07,point,4.0,400,4.0,4.0,hold,0,false,false,6,0,[],true,,https://www.rbi.org.in/Scripts/BS_PressReleaseDisplay.aspx?prid=51381,"The Monetary Policy Committee (MPC) at its meeting today (April 7, 2021) decided to: keep the policy repo rate under the liquidity adjustment facility (LAF) unchanged at 4.0 per cent.",statement,"[""in-mpc-51381""]",6b9bdc02c553c5cdb32c49c1a749a6e7760d2e0adcfe28990fed8b9719739060,On 7 Apr 2021 the Reserve Bank of India’s Monetary Policy Committee held the policy repo rate at 4.00%. The vote was 6–0.
IN-2021-06-04,IN-2021-06-04,IN,India,Reserve Bank of India,Monetary Policy Committee,Policy repo rate,2021-06-04T04:30:00.000Z,2021-06-04T10:00:00+05:30,2021-06-04,2021-06-04,point,4.0,400,4.0,4.0,hold,0,false,false,6,0,[],true,,https://www.rbi.org.in/Scripts/BS_PressReleaseDisplay.aspx?prid=51683,"The Monetary Policy Committee (MPC) at its meeting today (June 4, 2021) decided to: keep the policy repo rate under the liquidity adjustment facility (LAF) unchanged at 4.0 per cent.",statement,"[""in-mpc-51683""]",6b9bdc02c553c5cdb32c49c1a749a6e7760d2e0adcfe28990fed8b9719739060,On 4 Jun 2021 the Reserve Bank of India’s Monetary Policy Committee held the policy repo rate at 4.00%. The vote was 6–0.
IN-2021-08-06,IN-2021-08-06,IN,India,Reserve Bank of India,Monetary Policy Committee,Policy repo rate,2021-08-06T04:30:00.000Z,2021-08-06T10:00:00+05:30,2021-08-06,2021-08-06,point,4.0,400,4.0,4.0,hold,0,false,false,6,0,[],true,,https://www.rbi.org.in/Scripts/BS_PressReleaseDisplay.aspx?prid=52011,"The Monetary Policy Committee (MPC) at its meeting today (August 6, 2021) decided to: keep the policy repo rate under the liquidity adjustment facility (LAF) unchanged at 4.0 per cent.",statement,"[""in-mpc-52011""]",6b9bdc02c553c5cdb32c49c1a749a6e7760d2e0adcfe28990fed8b9719739060,On 6 Aug 2021 the Reserve Bank of India’s Monetary Policy Committee held the policy repo rate at 4.00%. The vote was 6–0.
IN-2021-10-08,IN-2021-10-08,IN,India,Reserve Bank of India,Monetary Policy Committee,Policy repo rate,2021-10-08T04:30:00.000Z,2021-10-08T10:00:00+05:30,2021-10-08,2021-10-08,point,4.0,400,4.0,4.0,hold,0,false,false,6,0,[],true,,https://www.rbi.org.in/Scripts/BS_PressReleaseDisplay.aspx?prid=52366,"The Monetary Policy Committee (MPC) at its meeting today (October 8, 2021) decided to: keep the policy repo rate under the liquidity adjustment facility (LAF) unchanged at 4.0 per cent.",statement,"[""in-mpc-52366""]",6b9bdc02c553c5cdb32c49c1a749a6e7760d2e0adcfe28990fed8b9719739060,On 8 Oct 2021 the Reserve Bank of India’s Monetary Policy Committee held the policy repo rate at 4.00%. The vote was 6–0.
IN-2021-12-08,IN-2021-12-08,IN,India,Reserve Bank of India,Monetary Policy Committee,Policy repo rate,2021-12-08T04:30:00.000Z,2021-12-08T10:00:00+05:30,2021-12-08,2021-12-08,point,4.0,400,4.0,4.0,hold,0,false,false,6,0,[],true,,https://www.rbi.org.in/Scripts/BS_PressReleaseDisplay.aspx?prid=52687,"The Monetary Policy Committee (MPC) at its meeting today (December 8, 2021) decided to: keep the policy repo rate under the liquidity adjustment facility (LAF) unchanged at 4.0 per cent.",statement,"[""in-mpc-52687""]",6b9bdc02c553c5cdb32c49c1a749a6e7760d2e0adcfe28990fed8b9719739060,On 8 Dec 2021 the Reserve Bank of India’s Monetary Policy Committee held the policy repo rate at 4.00%. The vote was 6–0.
IN-2022-02-10,IN-2022-02-10,IN,India,Reserve Bank of India,Monetary Policy Committee,Policy repo rate,2022-02-10T04:30:00.000Z,2022-02-10T10:00:00+05:30,2022-02-10,2022-02-10,point,4.0,400,4.0,4.0,hold,0,false,false,6,0,[],true,,https://www.rbi.org.in/Scripts/BS_PressReleaseDisplay.aspx?prid=53247,"The Monetary Policy Committee (MPC) at its meeting today (February 10, 2022) decided to: keep the policy repo rate under the liquidity adjustment facility (LAF) unchanged at 4.0 per cent.",statement,"[""in-mpc-53247""]",6b9bdc02c553c5cdb32c49c1a749a6e7760d2e0adcfe28990fed8b9719739060,On 10 Feb 2022 the Reserve Bank of India’s Monetary Policy Committee held the policy repo rate at 4.00%. The vote was 6–0.
IN-2022-04-08,IN-2022-04-08,IN,India,Reserve Bank of India,Monetary Policy Committee,Policy repo rate,2022-04-08T04:30:00.000Z,2022-04-08T10:00:00+05:30,2022-04-08,2022-04-08,point,4.0,400,4.0,4.0,hold,0,false,false,6,0,[],true,,https://www.rbi.org.in/Scripts/BS_PressReleaseDisplay.aspx?prid=53537,"The Monetary Policy Committee (MPC) at its meeting today (April 8, 2022) decided to: keep the policy repo rate under the liquidity adjustment facility (LAF) unchanged at 4.0 per cent.",statement,"[""in-mpc-53537""]",6b9bdc02c553c5cdb32c49c1a749a6e7760d2e0adcfe28990fed8b9719739060,On 8 Apr 2022 the Reserve Bank of India’s Monetary Policy Committee held the policy repo rate at 4.00%. The vote was 6–0.
IN-2022-05-04,,IN,India,Reserve Bank of India,Monetary Policy Committee,Policy repo rate,2022-05-04T04:30:00.000Z,2022-05-04T10:00:00+05:30,2022-05-04,2022-05-04,point,4.4,440,4.4,4.4,hike,40,true,false,6,0,[],true,,https://www.rbi.org.in/Scripts/BS_PressReleaseDisplay.aspx?prid=53652,"The Monetary Policy Committee (MPC) at its meeting today (May 4, 2022) decided to: Increase the policy repo rate under the liquidity adjustment facility (LAF) by 40 basis points to 4.40 per cent with immediate effect.",statement,"[""in-mpc-53652""]",6b9bdc02c553c5cdb32c49c1a749a6e7760d2e0adcfe28990fed8b9719739060,On 4 May 2022 the Reserve Bank of India’s Monetary Policy Committee raised the policy repo rate by 40 bps to 4.40%. The vote was 6–0. It was an unscheduled decision.
IN-2022-06-08,IN-2022-06-08,IN,India,Reserve Bank of India,Monetary Policy Committee,Policy repo rate,2022-06-08T04:30:00.000Z,2022-06-08T10:00:00+05:30,2022-06-08,2022-06-08,point,4.9,490,4.9,4.9,hike,50,false,false,6,0,[],true,,https://www.rbi.org.in/Scripts/BS_PressReleaseDisplay.aspx?prid=53832,"The Monetary Policy Committee (MPC) at its meeting today (June 8, 2022) decided to: Increase the policy repo rate under the liquidity adjustment facility (LAF) by 50 basis points to 4.90 per cent with immediate effect.",statement,"[""in-mpc-53832""]",6b9bdc02c553c5cdb32c49c1a749a6e7760d2e0adcfe28990fed8b9719739060,On 8 Jun 2022 the Reserve Bank of India’s Monetary Policy Committee raised the policy repo rate by 50 bps to 4.90%. The vote was 6–0.
IN-2022-08-05,IN-2022-08-05,IN,India,Reserve Bank of India,Monetary Policy Committee,Policy repo rate,2022-08-05T04:30:00.000Z,2022-08-05T10:00:00+05:30,2022-08-05,2022-08-05,point,5.4,540,5.4,5.4,hike,50,false,false,6,0,[],true,,https://www.rbi.org.in/Scripts/BS_PressReleaseDisplay.aspx?prid=54148,"The Monetary Policy Committee (MPC) at its meeting today (August 5, 2022) decided to: Increase the policy repo rate under the liquidity adjustment facility (LAF) by 50 basis points to 5.40 per cent with immediate effect.",statement,"[""in-mpc-54148""]",6b9bdc02c553c5cdb32c49c1a749a6e7760d2e0adcfe28990fed8b9719739060,On 5 Aug 2022 the Reserve Bank of India’s Monetary Policy Committee raised the policy repo rate by 50 bps to 5.40%. The vote was 6–0.
IN-2022-09-30,IN-2022-09-30,IN,India,Reserve Bank of India,Monetary Policy Committee,Policy repo rate,2022-09-30T04:30:00.000Z,2022-09-30T10:00:00+05:30,2022-09-30,2022-09-30,point,5.9,590,5.9,5.9,hike,50,false,false,5,1,"[""Dr. Ashima Goyal""]",false,,https://www.rbi.org.in/Scripts/BS_PressReleaseDisplay.aspx?prid=54465,"The Monetary Policy Committee (MPC) at its meeting today (September 30, 2022) decided to: Increase the policy repo rate under the liquidity adjustment facility (LAF) by 50 basis points to 5.90 per cent with immediate effect.",statement,"[""in-mpc-54465""]",6b9bdc02c553c5cdb32c49c1a749a6e7760d2e0adcfe28990fed8b9719739060,On 30 Sept 2022 the Reserve Bank of India’s Monetary Policy Committee raised the policy repo rate by 50 bps to 5.90%. The vote was 5–1.
IN-2022-12-07,IN-2022-12-07,IN,India,Reserve Bank of India,Monetary Policy Committee,Policy repo rate,2022-12-07T04:30:00.000Z,2022-12-07T10:00:00+05:30,2022-12-07,2022-12-07,point,6.25,625,6.25,6.25,hike,35,false,false,5,1,"[""Prof. Jayanth R. Varma""]",false,,https://www.rbi.org.in/Scripts/BS_PressReleaseDisplay.aspx?prid=54818,"The Monetary Policy Committee (MPC) at its meeting today (December 7, 2022) decided to: Increase the policy repo rate under the liquidity adjustment facility (LAF) by 35 basis points to 6.25 per cent with immediate effect.",statement,"[""in-mpc-54818""]",6b9bdc02c553c5cdb32c49c1a749a6e7760d2e0adcfe28990fed8b9719739060,On 7 Dec 2022 the Reserve Bank of India’s Monetary Policy Committee raised the policy repo rate by 35 bps to 6.25%. The vote was 5–1.
IN-2023-02-08,IN-2023-02-08,IN,India,Reserve Bank of India,Monetary Policy Committee,Policy repo rate,2023-02-08T04:30:00.000Z,2023-02-08T10:00:00+05:30,2023-02-08,2023-02-08,point,6.5,650,6.5,6.5,hike,25,false,false,4,2,"[""Dr. Ashima Goyal"",""Prof. Jayanth R. Varma""]",false,,https://www.rbi.org.in/Scripts/BS_PressReleaseDisplay.aspx?prid=55178,"The Monetary Policy Committee (MPC) at its meeting today (February 8, 2023) decided to: Increase the policy repo rate under the liquidity adjustment facility (LAF) by 25 basis points to 6.50 per cent with immediate effect.",statement,"[""in-mpc-55178""]",6b9bdc02c553c5cdb32c49c1a749a6e7760d2e0adcfe28990fed8b9719739060,On 8 Feb 2023 the Reserve Bank of India’s Monetary Policy Committee raised the policy repo rate by 25 bps to 6.50%. The vote was 4–2.
IN-2023-04-06,IN-2023-04-06,IN,India,Reserve Bank of India,Monetary Policy Committee,Policy repo rate,2023-04-06T04:30:00.000Z,2023-04-06T10:00:00+05:30,2023-04-06,2023-04-06,point,6.5,650,6.5,6.5,hold,0,false,false,6,0,[],true,,https://www.rbi.org.in/Scripts/BS_PressReleaseDisplay.aspx?prid=55472,"The Monetary Policy Committee (MPC) at its meeting today (April 6, 2023) decided to: Keep the policy repo rate under the liquidity adjustment facility (LAF) unchanged at 6.50 per cent.",statement,"[""in-mpc-55472""]",6b9bdc02c553c5cdb32c49c1a749a6e7760d2e0adcfe28990fed8b9719739060,On 6 Apr 2023 the Reserve Bank of India’s Monetary Policy Committee held the policy repo rate at 6.50%. The vote was 6–0.
IN-2023-06-08,IN-2023-06-08,IN,India,Reserve Bank of India,Monetary Policy Committee,Policy repo rate,2023-06-08T04:30:00.000Z,2023-06-08T10:00:00+05:30,2023-06-08,2023-06-08,point,6.5,650,6.5,6.5,hold,0,false,false,6,0,[],true,,https://www.rbi.org.in/Scripts/BS_PressReleaseDisplay.aspx?prid=55814,"The Monetary Policy Committee (MPC) at its meeting today (June 8, 2023) decided to: Keep the policy repo rate under the liquidity adjustment facility (LAF) unchanged at 6.50 per cent.",statement,"[""in-mpc-55814""]",6b9bdc02c553c5cdb32c49c1a749a6e7760d2e0adcfe28990fed8b9719739060,On 8 Jun 2023 the Reserve Bank of India’s Monetary Policy Committee held the policy repo rate at 6.50%. The vote was 6–0.
IN-2023-08-10,IN-2023-08-10,IN,India,Reserve Bank of India,Monetary Policy Committee,Policy repo rate,2023-08-10T04:30:00.000Z,2023-08-10T10:00:00+05:30,2023-08-10,2023-08-10,point,6.5,650,6.5,6.5,hold,0,false,false,6,0,[],true,,https://www.rbi.org.in/Scripts/BS_PressReleaseDisplay.aspx?prid=56173,"The Monetary Policy Committee (MPC) at its meeting today (August 10, 2023) decided to: Keep the policy repo rate under the liquidity adjustment facility (LAF) unchanged at 6.50 per cent.",statement,"[""in-mpc-56173""]",6b9bdc02c553c5cdb32c49c1a749a6e7760d2e0adcfe28990fed8b9719739060,On 10 Aug 2023 the Reserve Bank of India’s Monetary Policy Committee held the policy repo rate at 6.50%. The vote was 6–0.
IN-2023-10-06,IN-2023-10-06,IN,India,Reserve Bank of India,Monetary Policy Committee,Policy repo rate,2023-10-06T04:30:00.000Z,2023-10-06T10:00:00+05:30,2023-10-06,2023-10-06,point,6.5,650,6.5,6.5,hold,0,false,false,6,0,[],true,,https://www.rbi.org.in/Scripts/BS_PressReleaseDisplay.aspx?prid=56502,"The Monetary Policy Committee (MPC) at its meeting today (October 6, 2023) decided to: Keep the policy repo rate under the liquidity adjustment facility (LAF) unchanged at 6.50 per cent.",statement,"[""in-mpc-56502""]",6b9bdc02c553c5cdb32c49c1a749a6e7760d2e0adcfe28990fed8b9719739060,On 6 Oct 2023 the Reserve Bank of India’s Monetary Policy Committee held the policy repo rate at 6.50%. The vote was 6–0.
IN-2023-12-08,IN-2023-12-08,IN,India,Reserve Bank of India,Monetary Policy Committee,Policy repo rate,2023-12-08T04:30:00.000Z,2023-12-08T10:00:00+05:30,2023-12-08,2023-12-08,point,6.5,650,6.5,6.5,hold,0,false,false,6,0,[],true,,https://www.rbi.org.in/Scripts/BS_PressReleaseDisplay.aspx?prid=56888,"The Monetary Policy Committee (MPC) at its meeting today (December 8, 2023) decided to: Keep the policy repo rate under the liquidity adjustment facility (LAF) unchanged at 6.50 per cent.",statement,"[""in-mpc-56888""]",6b9bdc02c553c5cdb32c49c1a749a6e7760d2e0adcfe28990fed8b9719739060,On 8 Dec 2023 the Reserve Bank of India’s Monetary Policy Committee held the policy repo rate at 6.50%. The vote was 6–0.
IN-2024-02-08,IN-2024-02-08,IN,India,Reserve Bank of India,Monetary Policy Committee,Policy repo rate,2024-02-08T04:30:00.000Z,2024-02-08T10:00:00+05:30,2024-02-08,2024-02-08,point,6.5,650,6.5,6.5,hold,0,false,false,5,1,"[""Prof. Jayanth R. Varma""]",false,,https://www.rbi.org.in/Scripts/BS_PressReleaseDisplay.aspx?prid=57275,"The Monetary Policy Committee (MPC) at its meeting today (February 8, 2024) decided to: Keep the policy repo rate under the liquidity adjustment facility (LAF) unchanged at 6.50 per cent.",statement,"[""in-mpc-57275""]",6b9bdc02c553c5cdb32c49c1a749a6e7760d2e0adcfe28990fed8b9719739060,On 8 Feb 2024 the Reserve Bank of India’s Monetary Policy Committee held the policy repo rate at 6.50%. The vote was 5–1.
IN-2024-04-05,IN-2024-04-05,IN,India,Reserve Bank of India,Monetary Policy Committee,Policy repo rate,2024-04-05T04:30:00.000Z,2024-04-05T10:00:00+05:30,2024-04-05,2024-04-05,point,6.5,650,6.5,6.5,hold,0,false,false,5,1,"[""Prof. Jayanth R. Varma""]",false,,https://www.rbi.org.in/Scripts/BS_PressReleaseDisplay.aspx?prid=57637,"The Monetary Policy Committee (MPC) at its meeting today (April 5, 2024) decided to: Keep the policy repo rate under the liquidity adjustment facility (LAF) unchanged at 6.50 per cent.",statement,"[""in-mpc-57637""]",6b9bdc02c553c5cdb32c49c1a749a6e7760d2e0adcfe28990fed8b9719739060,On 5 Apr 2024 the Reserve Bank of India’s Monetary Policy Committee held the policy repo rate at 6.50%. The vote was 5–1.
IN-2024-06-07,IN-2024-06-07,IN,India,Reserve Bank of India,Monetary Policy Committee,Policy repo rate,2024-06-07T04:30:00.000Z,2024-06-07T10:00:00+05:30,2024-06-07,2024-06-07,point,6.5,650,6.5,6.5,hold,0,false,false,4,2,"[""Dr. Ashima Goyal"",""Prof. Jayanth R. Varma""]",false,,https://www.rbi.org.in/Scripts/BS_PressReleaseDisplay.aspx?prid=58050,"The Monetary Policy Committee (MPC) at its meeting today (June 7, 2024) decided to: Keep the policy repo rate under the liquidity adjustment facility (LAF) unchanged at 6.50 per cent.",statement,"[""in-mpc-58050""]",6b9bdc02c553c5cdb32c49c1a749a6e7760d2e0adcfe28990fed8b9719739060,On 7 Jun 2024 the Reserve Bank of India’s Monetary Policy Committee held the policy repo rate at 6.50%. The vote was 4–2.
IN-2024-08-08,IN-2024-08-08,IN,India,Reserve Bank of India,Monetary Policy Committee,Policy repo rate,2024-08-08T04:30:00.000Z,2024-08-08T10:00:00+05:30,2024-08-08,2024-08-08,point,6.5,650,6.5,6.5,hold,0,false,false,4,2,"[""Dr. Ashima Goyal"",""Prof. Jayanth R. Varma""]",false,,https://www.rbi.org.in/Scripts/BS_PressReleaseDisplay.aspx?prid=58447,"The Monetary Policy Committee (MPC) at its meeting today (August 8, 2024) decided to: Keep the policy repo rate under the liquidity adjustment facility (LAF) unchanged at 6.50 per cent.",statement,"[""in-mpc-58447""]",6b9bdc02c553c5cdb32c49c1a749a6e7760d2e0adcfe28990fed8b9719739060,On 8 Aug 2024 the Reserve Bank of India’s Monetary Policy Committee held the policy repo rate at 6.50%. The vote was 4–2.
IN-2024-10-09,IN-2024-10-09,IN,India,Reserve Bank of India,Monetary Policy Committee,Policy repo rate,2024-10-09T04:30:00.000Z,2024-10-09T10:00:00+05:30,2024-10-09,2024-10-09,point,6.5,650,6.5,6.5,hold,0,false,false,,,[],,,https://www.rbi.org.in/Scripts/BS_PressReleaseDisplay.aspx?prid=58850,"The Monetary Policy Committee (MPC) at its meeting today (October 9, 2024) decided to: Keep the policy repo rate under the liquidity adjustment facility (LAF) unchanged at 6.50 per cent.",statement,"[""in-mpc-58850""]",6b9bdc02c553c5cdb32c49c1a749a6e7760d2e0adcfe28990fed8b9719739060,On 9 Oct 2024 the Reserve Bank of India’s Monetary Policy Committee held the policy repo rate at 6.50%.
IN-2024-12-06,IN-2024-12-06,IN,India,Reserve Bank of India,Monetary Policy Committee,Policy repo rate,2024-12-06T04:30:00.000Z,2024-12-06T10:00:00+05:30,2024-12-06,2024-12-06,point,6.5,650,6.5,6.5,hold,0,false,false,,,[],,,https://www.rbi.org.in/Scripts/BS_PressReleaseDisplay.aspx?prid=59244,"The Monetary Policy Committee (MPC) at its meeting today (December 6, 2024) decided to: Keep the policy repo rate under the liquidity adjustment facility (LAF) unchanged at 6.50 per cent.",statement,"[""in-mpc-59244""]",6b9bdc02c553c5cdb32c49c1a749a6e7760d2e0adcfe28990fed8b9719739060,On 6 Dec 2024 the Reserve Bank of India’s Monetary Policy Committee held the policy repo rate at 6.50%.
IN-2025-02-07,IN-2025-02-07,IN,India,Reserve Bank of India,Monetary Policy Committee,Policy repo rate,2025-02-07T04:30:00.000Z,2025-02-07T10:00:00+05:30,2025-02-07,2025-02-07,point,6.25,625,6.25,6.25,cut,-25,false,false,6,0,[],true,,https://www.rbi.org.in/Scripts/BS_PressReleaseDisplay.aspx?prid=59692,"Reduce the policy repo rate under the liquidity adjustment facility (LAF) by 25 basis points to 6.25 per cent with immediate effect; consequently, the standing deposit facility (SDF) rate shall stand adjusted to 6.00 per cent and the marginal standing facility (MSF) rate and the Bank Rate to 6.50 per cent; continue with the neutral monetary policy stance and remain unambiguously focussed on a…",statement,"[""in-mpc-59692""]",6b9bdc02c553c5cdb32c49c1a749a6e7760d2e0adcfe28990fed8b9719739060,On 7 Feb 2025 the Reserve Bank of India’s Monetary Policy Committee cut the policy repo rate by 25 bps to 6.25%. The vote was 6–0.
IN-2025-04-09,IN-2025-04-09,IN,India,Reserve Bank of India,Monetary Policy Committee,Policy repo rate,2025-04-09T04:30:00.000Z,2025-04-09T10:00:00+05:30,2025-04-09,2025-04-09,point,6.0,600,6.0,6.0,cut,-25,false,false,6,0,[],true,,https://www.rbi.org.in/Scripts/BS_PressReleaseDisplay.aspx?prid=60176,The MPC unanimously voted to reduce the policy repo rate by 25 basis points to 6.00 per cent with immediate effect.,statement,"[""in-mpc-60176""]",6b9bdc02c553c5cdb32c49c1a749a6e7760d2e0adcfe28990fed8b9719739060,On 9 Apr 2025 the Reserve Bank of India’s Monetary Policy Committee cut the policy repo rate by 25 bps to 6.00%. The vote was 6–0.
IN-2025-06-06,IN-2025-06-06,IN,India,Reserve Bank of India,Monetary Policy Committee,Policy repo rate,2025-06-06T04:30:00.000Z,2025-06-06T10:00:00+05:30,2025-06-06,2025-06-06,point,5.5,550,5.5,5.5,cut,-50,false,false,,,[],,,https://www.rbi.org.in/Scripts/BS_PressReleaseDisplay.aspx?prid=60604,The MPC voted to reduce the policy repo rate by 50 basis points (bps) to 5.50 per cent with immediate effect.,statement,"[""in-mpc-60604""]",6b9bdc02c553c5cdb32c49c1a749a6e7760d2e0adcfe28990fed8b9719739060,On 6 Jun 2025 the Reserve Bank of India’s Monetary Policy Committee cut the policy repo rate by 50 bps to 5.50%.
IN-2025-08-06,IN-2025-08-06,IN,India,Reserve Bank of India,Monetary Policy Committee,Policy repo rate,2025-08-06T04:30:00.000Z,2025-08-06T10:00:00+05:30,2025-08-06,2025-08-06,point,5.5,550,5.5,5.5,hold,0,false,false,6,0,[],true,,https://www.rbi.org.in/Scripts/BS_PressReleaseDisplay.aspx?prid=60957,The MPC voted to maintain the policy repo rate at 5.50 per cent.,statement,"[""in-mpc-60957""]",6b9bdc02c553c5cdb32c49c1a749a6e7760d2e0adcfe28990fed8b9719739060,On 6 Aug 2025 the Reserve Bank of India’s Monetary Policy Committee held the policy repo rate at 5.50%. The vote was 6–0.
IN-2025-10-01,IN-2025-10-01,IN,India,Reserve Bank of India,Monetary Policy Committee,Policy repo rate,2025-10-01T04:30:00.000Z,2025-10-01T10:00:00+05:30,2025-10-01,2025-10-01,point,5.5,550,5.5,5.5,hold,0,false,false,6,0,[],true,,https://www.rbi.org.in/Scripts/BS_PressReleaseDisplay.aspx?prid=61332,"The MPC voted unanimously to keep the policy repo rate under the liquidity adjustment facility (LAF) unchanged at 5.50 per cent; consequently, the standing deposit facility (SDF) rate remains at 5.25 per cent while the marginal standing facility (MSF) rate and the Bank Rate remains at 5.75 per cent.",statement,"[""in-mpc-61332""]",6b9bdc02c553c5cdb32c49c1a749a6e7760d2e0adcfe28990fed8b9719739060,On 1 Oct 2025 the Reserve Bank of India’s Monetary Policy Committee held the policy repo rate at 5.50%. The vote was 6–0.
IN-2025-12-05,IN-2025-12-05,IN,India,Reserve Bank of India,Monetary Policy Committee,Policy repo rate,2025-12-05T04:30:00.000Z,2025-12-05T10:00:00+05:30,2025-12-05,2025-12-05,point,5.25,525,5.25,5.25,cut,-25,false,false,6,0,[],true,,https://www.rbi.org.in/Scripts/BS_PressReleaseDisplay.aspx?prid=61749,The MPC voted unanimously to reduce the policy repo rate under the liquidity adjustment facility (LAF) to 5.25 per cent.,statement,"[""in-mpc-61749""]",6b9bdc02c553c5cdb32c49c1a749a6e7760d2e0adcfe28990fed8b9719739060,On 5 Dec 2025 the Reserve Bank of India’s Monetary Policy Committee cut the policy repo rate by 25 bps to 5.25%. The vote was 6–0.
IN-2026-02-06,IN-2026-02-06,IN,India,Reserve Bank of India,Monetary Policy Committee,Policy repo rate,2026-02-06T04:30:00.000Z,2026-02-06T10:00:00+05:30,2026-02-06,2026-02-06,point,5.25,525,5.25,5.25,hold,0,false,false,6,0,[],true,,https://www.rbi.org.in/Scripts/BS_PressReleaseDisplay.aspx?prid=62169,The MPC voted unanimously to keep the policy repo rate under the liquidity adjustment facility (LAF) unchanged at 5.25 per cent.,statement,"[""in-mpc-62169""]",6b9bdc02c553c5cdb32c49c1a749a6e7760d2e0adcfe28990fed8b9719739060,On 6 Feb 2026 the Reserve Bank of India’s Monetary Policy Committee held the policy repo rate at 5.25%. The vote was 6–0.
IN-2026-04-08,IN-2026-04-08,IN,India,Reserve Bank of India,Monetary Policy Committee,Policy repo rate,2026-04-08T04:30:00.000Z,2026-04-08T10:00:00+05:30,2026-04-08,2026-04-08,point,5.25,525,5.25,5.25,hold,0,false,false,6,0,[],true,neutral,https://www.rbi.org.in/Scripts/BS_PressReleaseDisplay.aspx?prid=62514,,statement,"[""source-3270380f0b7d""]",6b9bdc02c553c5cdb32c49c1a749a6e7760d2e0adcfe28990fed8b9719739060,On 8 Apr 2026 the Reserve Bank of India’s Monetary Policy Committee held the policy repo rate at 5.25%. The vote was 6–0.
IN-2026-06-05,IN-2026-06-05,IN,India,Reserve Bank of India,Monetary Policy Committee,Policy repo rate,2026-06-05T04:30:00.000Z,2026-06-05T10:00:00+05:30,2026-06-05,2026-06-05,point,5.25,525,5.25,5.25,hold,0,false,false,6,0,[],true,neutral,https://www.rbi.org.in/Scripts/BS_PressReleaseDisplay.aspx?prid=62863,,statement,"[""source-5c261f230add""]",6b9bdc02c553c5cdb32c49c1a749a6e7760d2e0adcfe28990fed8b9719739060,On 5 Jun 2026 the Reserve Bank of India’s Monetary Policy Committee held the policy repo rate at 5.25%. The vote was 6–0.
IN-2026-08-05,IN-2026-08-05,IN,India,Reserve Bank of India,Monetary Policy Committee,Policy repo rate,2026-08-05T04:30:00.000Z,2026-08-05T10:00:00+05:30,2026-08-05,2026-08-05,point,5.25,525,5.25,5.25,hold,0,false,false,6,0,[],true,neutral,https://www.rbi.org.in/Scripts/BS_PressReleaseDisplay.aspx?prid=63287,,statement,"[""source-b6c29da8f60a""]",6b9bdc02c553c5cdb32c49c1a749a6e7760d2e0adcfe28990fed8b9719739060,On 5 Aug 2026 the Reserve Bank of India’s Monetary Policy Committee held the policy repo rate at 5.25%. The vote was 6–0.
IN-2026-10-07,IN-2026-10-07,IN,India,Reserve Bank of India,Monetary Policy Committee,Policy repo rate,2026-10-07T04:30:00.000Z,2026-10-07T10:00:00+05:30,2026-10-07,2026-10-07,point,5.5,550,5.5,5.5,hike,25,false,false,6,0,[],true,calibrated tightening,https://www.rbi.org.in/scripts/BS_PressReleaseDisplay.aspx?prid=63742,,statement,"[""source-8eb3f54fb9e1""]",6b9bdc02c553c5cdb32c49c1a749a6e7760d2e0adcfe28990fed8b9719739060,On 7 Oct 2026 the Reserve Bank of India’s Monetary Policy Committee raised the policy repo rate by 25 bps to 5.50%. The vote was 6–0.
