meeting_id,country_code,meeting_start,date,announce_at,announce_at_local,status,effective_lag_days,decision_id,source_id
IN-2016-10-04,IN,,2016-10-04,2016-10-04T04:30:00.000Z,2016-10-04T10:00:00+05:30,held,0,IN-2016-10-04,in-mpc-38224
IN-2016-12-07,IN,,2016-12-07,2016-12-07T04:30:00.000Z,2016-12-07T10:00:00+05:30,held,0,IN-2016-12-07,in-mpc-38818
IN-2017-02-08,IN,,2017-02-08,2017-02-08T04:30:00.000Z,2017-02-08T10:00:00+05:30,held,0,IN-2017-02-08,in-mpc-39505
IN-2017-04-06,IN,,2017-04-06,2017-04-06T04:30:00.000Z,2017-04-06T10:00:00+05:30,held,0,IN-2017-04-06,in-mpc-40069
IN-2017-06-07,IN,,2017-06-07,2017-06-07T04:30:00.000Z,2017-06-07T10:00:00+05:30,held,0,IN-2017-06-07,in-mpc-40685
IN-2017-08-02,IN,,2017-08-02,2017-08-02T04:30:00.000Z,2017-08-02T10:00:00+05:30,held,0,IN-2017-08-02,in-mpc-41256
IN-2017-10-04,IN,,2017-10-04,2017-10-04T04:30:00.000Z,2017-10-04T10:00:00+05:30,held,0,IN-2017-10-04,in-mpc-41852
IN-2017-12-06,IN,,2017-12-06,2017-12-06T04:30:00.000Z,2017-12-06T10:00:00+05:30,held,0,IN-2017-12-06,in-mpc-42476
IN-2018-02-07,IN,,2018-02-07,2018-02-07T04:30:00.000Z,2018-02-07T10:00:00+05:30,held,0,IN-2018-02-07,in-mpc-43078
IN-2018-04-05,IN,,2018-04-05,2018-04-05T04:30:00.000Z,2018-04-05T10:00:00+05:30,held,0,IN-2018-04-05,in-mpc-43573
IN-2018-06-06,IN,,2018-06-06,2018-06-06T04:30:00.000Z,2018-06-06T10:00:00+05:30,held,0,IN-2018-06-06,in-mpc-44125
IN-2018-08-01,IN,,2018-08-01,2018-08-01T04:30:00.000Z,2018-08-01T10:00:00+05:30,held,0,IN-2018-08-01,in-mpc-44636
IN-2018-10-05,IN,,2018-10-05,2018-10-05T04:30:00.000Z,2018-10-05T10:00:00+05:30,held,0,IN-2018-10-05,in-mpc-45152
IN-2018-12-05,IN,,2018-12-05,2018-12-05T04:30:00.000Z,2018-12-05T10:00:00+05:30,held,0,IN-2018-12-05,in-mpc-45656
IN-2019-02-07,IN,,2019-02-07,2019-02-07T04:30:00.000Z,2019-02-07T10:00:00+05:30,held,0,IN-2019-02-07,in-mpc-46235
IN-2019-04-04,IN,,2019-04-04,2019-04-04T04:30:00.000Z,2019-04-04T10:00:00+05:30,held,0,IN-2019-04-04,in-mpc-46722
IN-2019-06-06,IN,,2019-06-06,2019-06-06T04:30:00.000Z,2019-06-06T10:00:00+05:30,held,0,IN-2019-06-06,in-mpc-47225
IN-2019-08-07,IN,,2019-08-07,2019-08-07T04:30:00.000Z,2019-08-07T10:00:00+05:30,held,0,IN-2019-08-07,in-mpc-47818
IN-2019-10-04,IN,,2019-10-04,2019-10-04T04:30:00.000Z,2019-10-04T10:00:00+05:30,held,0,IN-2019-10-04,in-mpc-48319
IN-2019-12-05,IN,,2019-12-05,2019-12-05T04:30:00.000Z,2019-12-05T10:00:00+05:30,held,0,IN-2019-12-05,in-mpc-48802
IN-2020-02-06,IN,,2020-02-06,2020-02-06T04:30:00.000Z,2020-02-06T10:00:00+05:30,held,0,IN-2020-02-06,in-mpc-49342
IN-2020-08-06,IN,,2020-08-06,2020-08-06T04:30:00.000Z,2020-08-06T10:00:00+05:30,held,0,IN-2020-08-06,in-mpc-50175
IN-2020-10-09,IN,,2020-10-09,2020-10-09T04:30:00.000Z,2020-10-09T10:00:00+05:30,held,0,IN-2020-10-09,in-mpc-50479
IN-2020-12-04,IN,,2020-12-04,2020-12-04T04:30:00.000Z,2020-12-04T10:00:00+05:30,held,0,IN-2020-12-04,in-mpc-50747
IN-2021-02-05,IN,,2021-02-05,2021-02-05T04:30:00.000Z,2021-02-05T10:00:00+05:30,held,0,IN-2021-02-05,in-mpc-51077
IN-2021-04-07,IN,,2021-04-07,2021-04-07T04:30:00.000Z,2021-04-07T10:00:00+05:30,held,0,IN-2021-04-07,in-mpc-51381
IN-2021-06-04,IN,,2021-06-04,2021-06-04T04:30:00.000Z,2021-06-04T10:00:00+05:30,held,0,IN-2021-06-04,in-mpc-51683
IN-2021-08-06,IN,,2021-08-06,2021-08-06T04:30:00.000Z,2021-08-06T10:00:00+05:30,held,0,IN-2021-08-06,in-mpc-52011
IN-2021-10-08,IN,,2021-10-08,2021-10-08T04:30:00.000Z,2021-10-08T10:00:00+05:30,held,0,IN-2021-10-08,in-mpc-52366
IN-2021-12-08,IN,,2021-12-08,2021-12-08T04:30:00.000Z,2021-12-08T10:00:00+05:30,held,0,IN-2021-12-08,in-mpc-52687
IN-2022-02-10,IN,,2022-02-10,2022-02-10T04:30:00.000Z,2022-02-10T10:00:00+05:30,held,0,IN-2022-02-10,in-mpc-53247
IN-2022-04-08,IN,,2022-04-08,2022-04-08T04:30:00.000Z,2022-04-08T10:00:00+05:30,held,0,IN-2022-04-08,in-mpc-53537
IN-2022-06-08,IN,,2022-06-08,2022-06-08T04:30:00.000Z,2022-06-08T10:00:00+05:30,held,0,IN-2022-06-08,in-mpc-53832
IN-2022-08-05,IN,,2022-08-05,2022-08-05T04:30:00.000Z,2022-08-05T10:00:00+05:30,held,0,IN-2022-08-05,in-mpc-54148
IN-2022-09-30,IN,,2022-09-30,2022-09-30T04:30:00.000Z,2022-09-30T10:00:00+05:30,held,0,IN-2022-09-30,in-mpc-54465
IN-2022-12-07,IN,,2022-12-07,2022-12-07T04:30:00.000Z,2022-12-07T10:00:00+05:30,held,0,IN-2022-12-07,in-mpc-54818
IN-2023-02-08,IN,,2023-02-08,2023-02-08T04:30:00.000Z,2023-02-08T10:00:00+05:30,held,0,IN-2023-02-08,in-mpc-55178
IN-2023-04-06,IN,,2023-04-06,2023-04-06T04:30:00.000Z,2023-04-06T10:00:00+05:30,held,0,IN-2023-04-06,in-mpc-55472
IN-2023-06-08,IN,,2023-06-08,2023-06-08T04:30:00.000Z,2023-06-08T10:00:00+05:30,held,0,IN-2023-06-08,in-mpc-55814
IN-2023-08-10,IN,,2023-08-10,2023-08-10T04:30:00.000Z,2023-08-10T10:00:00+05:30,held,0,IN-2023-08-10,in-mpc-56173
IN-2023-10-06,IN,,2023-10-06,2023-10-06T04:30:00.000Z,2023-10-06T10:00:00+05:30,held,0,IN-2023-10-06,in-mpc-56502
IN-2023-12-08,IN,,2023-12-08,2023-12-08T04:30:00.000Z,2023-12-08T10:00:00+05:30,held,0,IN-2023-12-08,in-mpc-56888
IN-2024-02-08,IN,,2024-02-08,2024-02-08T04:30:00.000Z,2024-02-08T10:00:00+05:30,held,0,IN-2024-02-08,in-mpc-57275
IN-2024-04-05,IN,,2024-04-05,2024-04-05T04:30:00.000Z,2024-04-05T10:00:00+05:30,held,0,IN-2024-04-05,in-mpc-57637
IN-2024-06-07,IN,,2024-06-07,2024-06-07T04:30:00.000Z,2024-06-07T10:00:00+05:30,held,0,IN-2024-06-07,in-mpc-58050
IN-2024-08-08,IN,,2024-08-08,2024-08-08T04:30:00.000Z,2024-08-08T10:00:00+05:30,held,0,IN-2024-08-08,in-mpc-58447
IN-2024-10-09,IN,,2024-10-09,2024-10-09T04:30:00.000Z,2024-10-09T10:00:00+05:30,held,0,IN-2024-10-09,in-mpc-58850
IN-2024-12-06,IN,,2024-12-06,2024-12-06T04:30:00.000Z,2024-12-06T10:00:00+05:30,held,0,IN-2024-12-06,in-mpc-59244
IN-2025-02-07,IN,,2025-02-07,2025-02-07T04:30:00.000Z,2025-02-07T10:00:00+05:30,held,0,IN-2025-02-07,in-mpc-59692
IN-2025-04-09,IN,,2025-04-09,2025-04-09T04:30:00.000Z,2025-04-09T10:00:00+05:30,held,0,IN-2025-04-09,in-mpc-60176
IN-2025-06-06,IN,,2025-06-06,2025-06-06T04:30:00.000Z,2025-06-06T10:00:00+05:30,held,0,IN-2025-06-06,in-mpc-60604
IN-2025-08-06,IN,,2025-08-06,2025-08-06T04:30:00.000Z,2025-08-06T10:00:00+05:30,held,0,IN-2025-08-06,in-mpc-60957
IN-2025-10-01,IN,,2025-10-01,2025-10-01T04:30:00.000Z,2025-10-01T10:00:00+05:30,held,0,IN-2025-10-01,in-mpc-61332
IN-2025-12-05,IN,,2025-12-05,2025-12-05T04:30:00.000Z,2025-12-05T10:00:00+05:30,held,0,IN-2025-12-05,in-mpc-61749
IN-2026-02-06,IN,,2026-02-06,2026-02-06T04:30:00.000Z,2026-02-06T10:00:00+05:30,held,0,IN-2026-02-06,in-mpc-62169
IN-2026-04-08,IN,2026-04-06,2026-04-08,2026-04-08T04:30:00.000Z,2026-04-08T10:00:00+05:30,held,0,IN-2026-04-08,in-mpc-schedule-2026-27
IN-2026-06-05,IN,2026-06-03,2026-06-05,2026-06-05T04:30:00.000Z,2026-06-05T10:00:00+05:30,held,0,IN-2026-06-05,in-mpc-schedule-2026-27
IN-2026-08-05,IN,2026-08-03,2026-08-05,2026-08-05T04:30:00.000Z,2026-08-05T10:00:00+05:30,held,0,IN-2026-08-05,in-mpc-schedule-2026-27
IN-2026-10-07,IN,2026-10-05,2026-10-07,2026-10-07T04:30:00.000Z,2026-10-07T10:00:00+05:30,held,0,IN-2026-10-07,in-mpc-schedule-2026-27
IN-2026-12-04,IN,2026-12-02,2026-12-04,2026-12-04T04:30:00.000Z,2026-12-04T10:00:00+05:30,scheduled,0,,in-mpc-schedule-2026-27
IN-2027-02-05,IN,2027-02-03,2027-02-05,2027-02-05T04:30:00.000Z,2027-02-05T10:00:00+05:30,scheduled,0,,in-mpc-schedule-2026-27
