country_code,country,central_bank,instrument,effective_date,level_kind,rate_pct,rate_bps,rate_low_pct,rate_high_pct,previous_rate_pct,change_bps,direction,era_id,era_basis,evidence,source_id,source_url,decision_id,release_hash,record_text
IN,India,Reserve Bank of India,Repo rate (pre-2004 usage: absorption),2000-06-05,point,9.05,905,9.05,9.05,,,initial,in-auction,observation,secondary,source-reuters-historical-2025,https://www.reuters.com/world/india/changes-indias-repo-rate-since-june-2000-2025-12-05/,,6b9bdc02c553c5cdb32c49c1a749a6e7760d2e0adcfe28990fed8b9719739060,"The RBI policy repo rate was 9.05% on 5 Jun 2000, the first point in this series."
IN,India,Reserve Bank of India,Repo rate (pre-2004 usage: absorption),2000-06-07,point,9.0,900,9.0,9.0,9.05,-5,cut,in-auction,observation,secondary,source-reuters-historical-2025,https://www.reuters.com/world/india/changes-indias-repo-rate-since-june-2000-2025-12-05/,,6b9bdc02c553c5cdb32c49c1a749a6e7760d2e0adcfe28990fed8b9719739060,"From 7 Jun 2000 the RBI repo rate (pre-2004 usage: absorption) was 9.00%, down 5 bps from 9.05%."
IN,India,Reserve Bank of India,Repo rate (pre-2004 usage: absorption),2000-06-09,point,9.05,905,9.05,9.05,9.0,5,hike,in-auction,observation,secondary,source-reuters-historical-2025,https://www.reuters.com/world/india/changes-indias-repo-rate-since-june-2000-2025-12-05/,,6b9bdc02c553c5cdb32c49c1a749a6e7760d2e0adcfe28990fed8b9719739060,"From 9 Jun 2000 the RBI repo rate (pre-2004 usage: absorption) was 9.05%, up 5 bps from 9.00%."
IN,India,Reserve Bank of India,Repo rate (pre-2004 usage: absorption),2000-06-12,point,9.25,925,9.25,9.25,9.05,20,hike,in-auction,observation,secondary,source-reuters-historical-2025,https://www.reuters.com/world/india/changes-indias-repo-rate-since-june-2000-2025-12-05/,,6b9bdc02c553c5cdb32c49c1a749a6e7760d2e0adcfe28990fed8b9719739060,"From 12 Jun 2000 the RBI repo rate (pre-2004 usage: absorption) was 9.25%, up 20 bps from 9.05%."
IN,India,Reserve Bank of India,Repo rate (pre-2004 usage: absorption),2000-06-13,point,9.55,955,9.55,9.55,9.25,30,hike,in-auction,observation,secondary,source-reuters-historical-2025,https://www.reuters.com/world/india/changes-indias-repo-rate-since-june-2000-2025-12-05/,,6b9bdc02c553c5cdb32c49c1a749a6e7760d2e0adcfe28990fed8b9719739060,"From 13 Jun 2000 the RBI repo rate (pre-2004 usage: absorption) was 9.55%, up 30 bps from 9.25%."
IN,India,Reserve Bank of India,Repo rate (pre-2004 usage: absorption),2000-06-14,point,10.85,1085,10.85,10.85,9.55,130,hike,in-auction,observation,secondary,source-reuters-historical-2025,https://www.reuters.com/world/india/changes-indias-repo-rate-since-june-2000-2025-12-05/,,6b9bdc02c553c5cdb32c49c1a749a6e7760d2e0adcfe28990fed8b9719739060,"From 14 Jun 2000 the RBI repo rate (pre-2004 usage: absorption) was 10.85%, up 130 bps from 9.55%."
IN,India,Reserve Bank of India,Repo rate (pre-2004 usage: absorption),2000-06-19,point,13.5,1350,13.5,13.5,10.85,265,hike,in-auction,observation,secondary,source-reuters-historical-2025,https://www.reuters.com/world/india/changes-indias-repo-rate-since-june-2000-2025-12-05/,,6b9bdc02c553c5cdb32c49c1a749a6e7760d2e0adcfe28990fed8b9719739060,"From 19 Jun 2000 the RBI repo rate (pre-2004 usage: absorption) was 13.50%, up 265 bps from 10.85%."
IN,India,Reserve Bank of India,Repo rate (pre-2004 usage: absorption),2000-06-20,point,14.0,1400,14.0,14.0,13.5,50,hike,in-auction,observation,secondary,source-reuters-historical-2025,https://www.reuters.com/world/india/changes-indias-repo-rate-since-june-2000-2025-12-05/,,6b9bdc02c553c5cdb32c49c1a749a6e7760d2e0adcfe28990fed8b9719739060,"From 20 Jun 2000 the RBI repo rate (pre-2004 usage: absorption) was 14.00%, up 50 bps from 13.50%."
IN,India,Reserve Bank of India,Repo rate (pre-2004 usage: absorption),2000-06-21,point,13.5,1350,13.5,13.5,14.0,-50,cut,in-auction,observation,secondary,source-reuters-historical-2025,https://www.reuters.com/world/india/changes-indias-repo-rate-since-june-2000-2025-12-05/,,6b9bdc02c553c5cdb32c49c1a749a6e7760d2e0adcfe28990fed8b9719739060,"From 21 Jun 2000 the RBI repo rate (pre-2004 usage: absorption) was 13.50%, down 50 bps from 14.00%."
IN,India,Reserve Bank of India,Repo rate (pre-2004 usage: absorption),2000-06-22,point,13.0,1300,13.0,13.0,13.5,-50,cut,in-auction,observation,secondary,source-reuters-historical-2025,https://www.reuters.com/world/india/changes-indias-repo-rate-since-june-2000-2025-12-05/,,6b9bdc02c553c5cdb32c49c1a749a6e7760d2e0adcfe28990fed8b9719739060,"From 22 Jun 2000 the RBI repo rate (pre-2004 usage: absorption) was 13.00%, down 50 bps from 13.50%."
IN,India,Reserve Bank of India,Repo rate (pre-2004 usage: absorption),2000-06-23,point,13.05,1305,13.05,13.05,13.0,5,hike,in-auction,observation,secondary,source-reuters-historical-2025,https://www.reuters.com/world/india/changes-indias-repo-rate-since-june-2000-2025-12-05/,,6b9bdc02c553c5cdb32c49c1a749a6e7760d2e0adcfe28990fed8b9719739060,"From 23 Jun 2000 the RBI repo rate (pre-2004 usage: absorption) was 13.05%, up 5 bps from 13.00%."
IN,India,Reserve Bank of India,Repo rate (pre-2004 usage: absorption),2000-06-27,point,12.6,1260,12.6,12.6,13.05,-45,cut,in-auction,observation,secondary,source-reuters-historical-2025,https://www.reuters.com/world/india/changes-indias-repo-rate-since-june-2000-2025-12-05/,,6b9bdc02c553c5cdb32c49c1a749a6e7760d2e0adcfe28990fed8b9719739060,"From 27 Jun 2000 the RBI repo rate (pre-2004 usage: absorption) was 12.60%, down 45 bps from 13.05%."
IN,India,Reserve Bank of India,Repo rate (pre-2004 usage: absorption),2000-06-28,point,12.25,1225,12.25,12.25,12.6,-35,cut,in-auction,observation,secondary,source-reuters-historical-2025,https://www.reuters.com/world/india/changes-indias-repo-rate-since-june-2000-2025-12-05/,,6b9bdc02c553c5cdb32c49c1a749a6e7760d2e0adcfe28990fed8b9719739060,"From 28 Jun 2000 the RBI repo rate (pre-2004 usage: absorption) was 12.25%, down 35 bps from 12.60%."
IN,India,Reserve Bank of India,Repo rate (pre-2004 usage: absorption),2000-07-13,point,9.0,900,9.0,9.0,12.25,-325,cut,in-auction,observation,secondary,source-reuters-historical-2025,https://www.reuters.com/world/india/changes-indias-repo-rate-since-june-2000-2025-12-05/,,6b9bdc02c553c5cdb32c49c1a749a6e7760d2e0adcfe28990fed8b9719739060,"From 13 Jul 2000 the RBI repo rate (pre-2004 usage: absorption) was 9.00%, down 325 bps from 12.25%."
IN,India,Reserve Bank of India,Repo rate (pre-2004 usage: absorption),2000-07-21,point,10.0,1000,10.0,10.0,9.0,100,hike,in-auction,observation,secondary,source-reuters-historical-2025,https://www.reuters.com/world/india/changes-indias-repo-rate-since-june-2000-2025-12-05/,,6b9bdc02c553c5cdb32c49c1a749a6e7760d2e0adcfe28990fed8b9719739060,"From 21 Jul 2000 the RBI repo rate (pre-2004 usage: absorption) was 10.00%, up 100 bps from 9.00%."
IN,India,Reserve Bank of India,Repo rate (pre-2004 usage: absorption),2000-08-09,point,16.0,1600,16.0,16.0,10.0,600,hike,in-auction,observation,secondary,source-reuters-historical-2025,https://www.reuters.com/world/india/changes-indias-repo-rate-since-june-2000-2025-12-05/,,6b9bdc02c553c5cdb32c49c1a749a6e7760d2e0adcfe28990fed8b9719739060,"From 9 Aug 2000 the RBI repo rate (pre-2004 usage: absorption) was 16.00%, up 600 bps from 10.00%."
IN,India,Reserve Bank of India,Repo rate (pre-2004 usage: absorption),2000-08-30,point,15.0,1500,15.0,15.0,16.0,-100,cut,in-auction,observation,secondary,source-reuters-historical-2025,https://www.reuters.com/world/india/changes-indias-repo-rate-since-june-2000-2025-12-05/,,6b9bdc02c553c5cdb32c49c1a749a6e7760d2e0adcfe28990fed8b9719739060,"From 30 Aug 2000 the RBI repo rate (pre-2004 usage: absorption) was 15.00%, down 100 bps from 16.00%."
IN,India,Reserve Bank of India,Repo rate (pre-2004 usage: absorption),2000-09-06,point,13.5,1350,13.5,13.5,15.0,-150,cut,in-auction,observation,secondary,source-reuters-historical-2025,https://www.reuters.com/world/india/changes-indias-repo-rate-since-june-2000-2025-12-05/,,6b9bdc02c553c5cdb32c49c1a749a6e7760d2e0adcfe28990fed8b9719739060,"From 6 Sept 2000 the RBI repo rate (pre-2004 usage: absorption) was 13.50%, down 150 bps from 15.00%."
IN,India,Reserve Bank of India,Repo rate (pre-2004 usage: absorption),2000-10-13,point,10.25,1025,10.25,10.25,13.5,-325,cut,in-auction,observation,secondary,source-reuters-historical-2025,https://www.reuters.com/world/india/changes-indias-repo-rate-since-june-2000-2025-12-05/,,6b9bdc02c553c5cdb32c49c1a749a6e7760d2e0adcfe28990fed8b9719739060,"From 13 Oct 2000 the RBI repo rate (pre-2004 usage: absorption) was 10.25%, down 325 bps from 13.50%."
IN,India,Reserve Bank of India,Repo rate (pre-2004 usage: absorption),2000-11-06,point,10.0,1000,10.0,10.0,10.25,-25,cut,in-auction,observation,secondary,source-reuters-historical-2025,https://www.reuters.com/world/india/changes-indias-repo-rate-since-june-2000-2025-12-05/,,6b9bdc02c553c5cdb32c49c1a749a6e7760d2e0adcfe28990fed8b9719739060,"From 6 Nov 2000 the RBI repo rate (pre-2004 usage: absorption) was 10.00%, down 25 bps from 10.25%."
IN,India,Reserve Bank of India,Repo rate (pre-2004 usage: absorption),2001-03-09,point,9.0,900,9.0,9.0,10.0,-100,cut,in-auction,observation,secondary,source-reuters-historical-2025,https://www.reuters.com/world/india/changes-indias-repo-rate-since-june-2000-2025-12-05/,,6b9bdc02c553c5cdb32c49c1a749a6e7760d2e0adcfe28990fed8b9719739060,"From 9 Mar 2001 the RBI repo rate (pre-2004 usage: absorption) was 9.00%, down 100 bps from 10.00%."
IN,India,Reserve Bank of India,Repo rate (pre-2004 usage: absorption),2001-04-30,point,8.75,875,8.75,8.75,9.0,-25,cut,in-auction,observation,secondary,source-reuters-historical-2025,https://www.reuters.com/world/india/changes-indias-repo-rate-since-june-2000-2025-12-05/,,6b9bdc02c553c5cdb32c49c1a749a6e7760d2e0adcfe28990fed8b9719739060,"From 30 Apr 2001 the RBI repo rate (pre-2004 usage: absorption) was 8.75%, down 25 bps from 9.00%."
IN,India,Reserve Bank of India,Repo rate (pre-2004 usage: absorption),2001-06-07,point,8.5,850,8.5,8.5,8.75,-25,cut,in-auction,observation,secondary,source-reuters-historical-2025,https://www.reuters.com/world/india/changes-indias-repo-rate-since-june-2000-2025-12-05/,,6b9bdc02c553c5cdb32c49c1a749a6e7760d2e0adcfe28990fed8b9719739060,"From 7 Jun 2001 the RBI repo rate (pre-2004 usage: absorption) was 8.50%, down 25 bps from 8.75%."
IN,India,Reserve Bank of India,Repo rate (pre-2004 usage: absorption),2002-03-28,point,8.0,800,8.0,8.0,8.5,-50,cut,in-auction,observation,secondary,source-reuters-historical-2025,https://www.reuters.com/world/india/changes-indias-repo-rate-since-june-2000-2025-12-05/,,6b9bdc02c553c5cdb32c49c1a749a6e7760d2e0adcfe28990fed8b9719739060,"From 28 Mar 2002 the RBI repo rate (pre-2004 usage: absorption) was 8.00%, down 50 bps from 8.50%."
IN,India,Reserve Bank of India,Repo rate (pre-2004 usage: absorption),2002-11-12,point,7.5,750,7.5,7.5,8.0,-50,cut,in-auction,observation,secondary,source-reuters-historical-2025,https://www.reuters.com/world/india/changes-indias-repo-rate-since-june-2000-2025-12-05/,,6b9bdc02c553c5cdb32c49c1a749a6e7760d2e0adcfe28990fed8b9719739060,"From 12 Nov 2002 the RBI repo rate (pre-2004 usage: absorption) was 7.50%, down 50 bps from 8.00%."
IN,India,Reserve Bank of India,Repo rate (pre-2004 usage: absorption),2003-03-07,point,7.1,710,7.1,7.1,7.5,-40,cut,in-auction,observation,secondary,source-reuters-historical-2025,https://www.reuters.com/world/india/changes-indias-repo-rate-since-june-2000-2025-12-05/,,6b9bdc02c553c5cdb32c49c1a749a6e7760d2e0adcfe28990fed8b9719739060,"From 7 Mar 2003 the RBI repo rate (pre-2004 usage: absorption) was 7.10%, down 40 bps from 7.50%."
IN,India,Reserve Bank of India,Repo rate (pre-2004 usage: absorption),2003-03-19,point,7.0,700,7.0,7.0,7.1,-10,cut,in-auction,observation,secondary,source-reuters-historical-2025,https://www.reuters.com/world/india/changes-indias-repo-rate-since-june-2000-2025-12-05/,,6b9bdc02c553c5cdb32c49c1a749a6e7760d2e0adcfe28990fed8b9719739060,"From 19 Mar 2003 the RBI repo rate (pre-2004 usage: absorption) was 7.00%, down 10 bps from 7.10%."
IN,India,Reserve Bank of India,Repo rate (pre-2004 usage: absorption),2004-03-31,point,6.0,600,6.0,6.0,7.0,-100,cut,in-auction,observation,secondary,source-reuters-historical-2025,https://www.reuters.com/world/india/changes-indias-repo-rate-since-june-2000-2025-12-05/,,6b9bdc02c553c5cdb32c49c1a749a6e7760d2e0adcfe28990fed8b9719739060,"From 31 Mar 2004 the RBI repo rate (pre-2004 usage: absorption) was 6.00%, down 100 bps from 7.00%."
IN,India,Reserve Bank of India,Policy repo rate,2005-10-26,point,6.25,625,6.25,6.25,6.0,,era_change,in-repo,policy,secondary,source-reuters-historical-2025,https://www.reuters.com/world/india/changes-indias-repo-rate-since-june-2000-2025-12-05/,,6b9bdc02c553c5cdb32c49c1a749a6e7760d2e0adcfe28990fed8b9719739060,"From 26 Oct 2005 the RBI policy repo rate was 6.25%, the first rate under this instrument."
IN,India,Reserve Bank of India,Policy repo rate,2006-01-24,point,6.5,650,6.5,6.5,6.25,25,hike,in-repo,policy,secondary,source-reuters-historical-2025,https://www.reuters.com/world/india/changes-indias-repo-rate-since-june-2000-2025-12-05/,,6b9bdc02c553c5cdb32c49c1a749a6e7760d2e0adcfe28990fed8b9719739060,"From 24 Jan 2006 the RBI policy repo rate was 6.50%, up 25 bps from 6.25%."
IN,India,Reserve Bank of India,Policy repo rate,2006-06-08,point,6.75,675,6.75,6.75,6.5,25,hike,in-repo,policy,secondary,source-reuters-historical-2025,https://www.reuters.com/world/india/changes-indias-repo-rate-since-june-2000-2025-12-05/,,6b9bdc02c553c5cdb32c49c1a749a6e7760d2e0adcfe28990fed8b9719739060,"From 8 Jun 2006 the RBI policy repo rate was 6.75%, up 25 bps from 6.50%."
IN,India,Reserve Bank of India,Policy repo rate,2006-07-25,point,7.0,700,7.0,7.0,6.75,25,hike,in-repo,policy,secondary,source-reuters-historical-2025,https://www.reuters.com/world/india/changes-indias-repo-rate-since-june-2000-2025-12-05/,,6b9bdc02c553c5cdb32c49c1a749a6e7760d2e0adcfe28990fed8b9719739060,"From 25 Jul 2006 the RBI policy repo rate was 7.00%, up 25 bps from 6.75%."
IN,India,Reserve Bank of India,Policy repo rate,2006-10-30,point,7.25,725,7.25,7.25,7.0,25,hike,in-repo,policy,secondary,source-reuters-historical-2025,https://www.reuters.com/world/india/changes-indias-repo-rate-since-june-2000-2025-12-05/,,6b9bdc02c553c5cdb32c49c1a749a6e7760d2e0adcfe28990fed8b9719739060,"From 30 Oct 2006 the RBI policy repo rate was 7.25%, up 25 bps from 7.00%."
IN,India,Reserve Bank of India,Policy repo rate,2007-01-31,point,7.5,750,7.5,7.5,7.25,25,hike,in-repo,policy,secondary,source-reuters-historical-2025,https://www.reuters.com/world/india/changes-indias-repo-rate-since-june-2000-2025-12-05/,,6b9bdc02c553c5cdb32c49c1a749a6e7760d2e0adcfe28990fed8b9719739060,"From 31 Jan 2007 the RBI policy repo rate was 7.50%, up 25 bps from 7.25%."
IN,India,Reserve Bank of India,Policy repo rate,2007-03-30,point,7.75,775,7.75,7.75,7.5,25,hike,in-repo,policy,secondary,source-reuters-historical-2025,https://www.reuters.com/world/india/changes-indias-repo-rate-since-june-2000-2025-12-05/,,6b9bdc02c553c5cdb32c49c1a749a6e7760d2e0adcfe28990fed8b9719739060,"From 30 Mar 2007 the RBI policy repo rate was 7.75%, up 25 bps from 7.50%."
IN,India,Reserve Bank of India,Policy repo rate,2008-06-11,point,8.0,800,8.0,8.0,7.75,25,hike,in-repo,policy,secondary,source-reuters-historical-2025,https://www.reuters.com/world/india/changes-indias-repo-rate-since-june-2000-2025-12-05/,,6b9bdc02c553c5cdb32c49c1a749a6e7760d2e0adcfe28990fed8b9719739060,"From 11 Jun 2008 the RBI policy repo rate was 8.00%, up 25 bps from 7.75%."
IN,India,Reserve Bank of India,Policy repo rate,2008-06-24,point,8.5,850,8.5,8.5,8.0,50,hike,in-repo,policy,secondary,source-reuters-historical-2025,https://www.reuters.com/world/india/changes-indias-repo-rate-since-june-2000-2025-12-05/,,6b9bdc02c553c5cdb32c49c1a749a6e7760d2e0adcfe28990fed8b9719739060,"From 24 Jun 2008 the RBI policy repo rate was 8.50%, up 50 bps from 8.00%."
IN,India,Reserve Bank of India,Policy repo rate,2008-07-29,point,9.0,900,9.0,9.0,8.5,50,hike,in-repo,policy,secondary,source-reuters-historical-2025,https://www.reuters.com/world/india/changes-indias-repo-rate-since-june-2000-2025-12-05/,,6b9bdc02c553c5cdb32c49c1a749a6e7760d2e0adcfe28990fed8b9719739060,"From 29 Jul 2008 the RBI policy repo rate was 9.00%, up 50 bps from 8.50%."
IN,India,Reserve Bank of India,Policy repo rate,2008-10-20,point,8.0,800,8.0,8.0,9.0,-100,cut,in-repo,policy,secondary,source-reuters-historical-2025,https://www.reuters.com/world/india/changes-indias-repo-rate-since-june-2000-2025-12-05/,,6b9bdc02c553c5cdb32c49c1a749a6e7760d2e0adcfe28990fed8b9719739060,"From 20 Oct 2008 the RBI policy repo rate was 8.00%, down 100 bps from 9.00%."
IN,India,Reserve Bank of India,Policy repo rate,2008-11-03,point,7.5,750,7.5,7.5,8.0,-50,cut,in-repo,policy,secondary,source-reuters-historical-2025,https://www.reuters.com/world/india/changes-indias-repo-rate-since-june-2000-2025-12-05/,,6b9bdc02c553c5cdb32c49c1a749a6e7760d2e0adcfe28990fed8b9719739060,"From 3 Nov 2008 the RBI policy repo rate was 7.50%, down 50 bps from 8.00%."
IN,India,Reserve Bank of India,Policy repo rate,2008-12-08,point,6.5,650,6.5,6.5,7.5,-100,cut,in-repo,policy,secondary,source-reuters-historical-2025,https://www.reuters.com/world/india/changes-indias-repo-rate-since-june-2000-2025-12-05/,,6b9bdc02c553c5cdb32c49c1a749a6e7760d2e0adcfe28990fed8b9719739060,"From 8 Dec 2008 the RBI policy repo rate was 6.50%, down 100 bps from 7.50%."
IN,India,Reserve Bank of India,Policy repo rate,2009-01-02,point,5.5,550,5.5,5.5,6.5,-100,cut,in-repo,policy,secondary,source-reuters-historical-2025,https://www.reuters.com/world/india/changes-indias-repo-rate-since-june-2000-2025-12-05/,,6b9bdc02c553c5cdb32c49c1a749a6e7760d2e0adcfe28990fed8b9719739060,"From 2 Jan 2009 the RBI policy repo rate was 5.50%, down 100 bps from 6.50%."
IN,India,Reserve Bank of India,Policy repo rate,2009-03-04,point,5.0,500,5.0,5.0,5.5,-50,cut,in-repo,policy,secondary,source-reuters-historical-2025,https://www.reuters.com/world/india/changes-indias-repo-rate-since-june-2000-2025-12-05/,,6b9bdc02c553c5cdb32c49c1a749a6e7760d2e0adcfe28990fed8b9719739060,"From 4 Mar 2009 the RBI policy repo rate was 5.00%, down 50 bps from 5.50%."
IN,India,Reserve Bank of India,Policy repo rate,2009-04-21,point,4.75,475,4.75,4.75,5.0,-25,cut,in-repo,policy,secondary,source-reuters-historical-2025,https://www.reuters.com/world/india/changes-indias-repo-rate-since-june-2000-2025-12-05/,,6b9bdc02c553c5cdb32c49c1a749a6e7760d2e0adcfe28990fed8b9719739060,"From 21 Apr 2009 the RBI policy repo rate was 4.75%, down 25 bps from 5.00%."
IN,India,Reserve Bank of India,Policy repo rate,2010-03-19,point,5.0,500,5.0,5.0,4.75,25,hike,in-repo,policy,secondary,source-reuters-historical-2025,https://www.reuters.com/world/india/changes-indias-repo-rate-since-june-2000-2025-12-05/,,6b9bdc02c553c5cdb32c49c1a749a6e7760d2e0adcfe28990fed8b9719739060,"From 19 Mar 2010 the RBI policy repo rate was 5.00%, up 25 bps from 4.75%."
IN,India,Reserve Bank of India,Policy repo rate,2010-04-20,point,5.25,525,5.25,5.25,5.0,25,hike,in-repo,policy,secondary,source-reuters-historical-2025,https://www.reuters.com/world/india/changes-indias-repo-rate-since-june-2000-2025-12-05/,,6b9bdc02c553c5cdb32c49c1a749a6e7760d2e0adcfe28990fed8b9719739060,"From 20 Apr 2010 the RBI policy repo rate was 5.25%, up 25 bps from 5.00%."
IN,India,Reserve Bank of India,Policy repo rate,2010-07-02,point,5.5,550,5.5,5.5,5.25,25,hike,in-repo,policy,secondary,source-reuters-historical-2025,https://www.reuters.com/world/india/changes-indias-repo-rate-since-june-2000-2025-12-05/,,6b9bdc02c553c5cdb32c49c1a749a6e7760d2e0adcfe28990fed8b9719739060,"From 2 Jul 2010 the RBI policy repo rate was 5.50%, up 25 bps from 5.25%."
IN,India,Reserve Bank of India,Policy repo rate,2010-07-27,point,5.75,575,5.75,5.75,5.5,25,hike,in-repo,policy,secondary,source-reuters-historical-2025,https://www.reuters.com/world/india/changes-indias-repo-rate-since-june-2000-2025-12-05/,,6b9bdc02c553c5cdb32c49c1a749a6e7760d2e0adcfe28990fed8b9719739060,"From 27 Jul 2010 the RBI policy repo rate was 5.75%, up 25 bps from 5.50%."
IN,India,Reserve Bank of India,Policy repo rate,2010-09-16,point,6.0,600,6.0,6.0,5.75,25,hike,in-repo,policy,secondary,source-reuters-historical-2025,https://www.reuters.com/world/india/changes-indias-repo-rate-since-june-2000-2025-12-05/,,6b9bdc02c553c5cdb32c49c1a749a6e7760d2e0adcfe28990fed8b9719739060,"From 16 Sept 2010 the RBI policy repo rate was 6.00%, up 25 bps from 5.75%."
IN,India,Reserve Bank of India,Policy repo rate,2010-11-02,point,6.25,625,6.25,6.25,6.0,25,hike,in-repo,policy,secondary,source-reuters-historical-2025,https://www.reuters.com/world/india/changes-indias-repo-rate-since-june-2000-2025-12-05/,,6b9bdc02c553c5cdb32c49c1a749a6e7760d2e0adcfe28990fed8b9719739060,"From 2 Nov 2010 the RBI policy repo rate was 6.25%, up 25 bps from 6.00%."
IN,India,Reserve Bank of India,Policy repo rate,2011-01-25,point,6.5,650,6.5,6.5,6.25,25,hike,in-repo,policy,secondary,source-reuters-historical-2025,https://www.reuters.com/world/india/changes-indias-repo-rate-since-june-2000-2025-12-05/,,6b9bdc02c553c5cdb32c49c1a749a6e7760d2e0adcfe28990fed8b9719739060,"From 25 Jan 2011 the RBI policy repo rate was 6.50%, up 25 bps from 6.25%."
IN,India,Reserve Bank of India,Policy repo rate,2011-03-17,point,6.75,675,6.75,6.75,6.5,25,hike,in-repo,policy,secondary,source-reuters-historical-2025,https://www.reuters.com/world/india/changes-indias-repo-rate-since-june-2000-2025-12-05/,,6b9bdc02c553c5cdb32c49c1a749a6e7760d2e0adcfe28990fed8b9719739060,"From 17 Mar 2011 the RBI policy repo rate was 6.75%, up 25 bps from 6.50%."
IN,India,Reserve Bank of India,Policy repo rate,2011-05-03,point,7.25,725,7.25,7.25,6.75,50,hike,in-repo,policy,secondary,source-reuters-historical-2025,https://www.reuters.com/world/india/changes-indias-repo-rate-since-june-2000-2025-12-05/,,6b9bdc02c553c5cdb32c49c1a749a6e7760d2e0adcfe28990fed8b9719739060,"From 3 May 2011 the RBI policy repo rate was 7.25%, up 50 bps from 6.75%."
IN,India,Reserve Bank of India,Policy repo rate,2011-06-16,point,7.5,750,7.5,7.5,7.25,25,hike,in-repo,policy,secondary,source-reuters-historical-2025,https://www.reuters.com/world/india/changes-indias-repo-rate-since-june-2000-2025-12-05/,,6b9bdc02c553c5cdb32c49c1a749a6e7760d2e0adcfe28990fed8b9719739060,"From 16 Jun 2011 the RBI policy repo rate was 7.50%, up 25 bps from 7.25%."
IN,India,Reserve Bank of India,Policy repo rate,2011-07-26,point,8.0,800,8.0,8.0,7.5,50,hike,in-repo,policy,secondary,source-reuters-historical-2025,https://www.reuters.com/world/india/changes-indias-repo-rate-since-june-2000-2025-12-05/,,6b9bdc02c553c5cdb32c49c1a749a6e7760d2e0adcfe28990fed8b9719739060,"From 26 Jul 2011 the RBI policy repo rate was 8.00%, up 50 bps from 7.50%."
IN,India,Reserve Bank of India,Policy repo rate,2011-09-16,point,8.25,825,8.25,8.25,8.0,25,hike,in-repo,policy,secondary,source-reuters-historical-2025,https://www.reuters.com/world/india/changes-indias-repo-rate-since-june-2000-2025-12-05/,,6b9bdc02c553c5cdb32c49c1a749a6e7760d2e0adcfe28990fed8b9719739060,"From 16 Sept 2011 the RBI policy repo rate was 8.25%, up 25 bps from 8.00%."
IN,India,Reserve Bank of India,Policy repo rate,2011-10-25,point,8.5,850,8.5,8.5,8.25,25,hike,in-repo,policy,secondary,source-reuters-historical-2025,https://www.reuters.com/world/india/changes-indias-repo-rate-since-june-2000-2025-12-05/,,6b9bdc02c553c5cdb32c49c1a749a6e7760d2e0adcfe28990fed8b9719739060,"From 25 Oct 2011 the RBI policy repo rate was 8.50%, up 25 bps from 8.25%."
IN,India,Reserve Bank of India,Policy repo rate,2012-04-17,point,8.0,800,8.0,8.0,8.5,-50,cut,in-repo,policy,secondary,source-reuters-historical-2025,https://www.reuters.com/world/india/changes-indias-repo-rate-since-june-2000-2025-12-05/,,6b9bdc02c553c5cdb32c49c1a749a6e7760d2e0adcfe28990fed8b9719739060,"From 17 Apr 2012 the RBI policy repo rate was 8.00%, down 50 bps from 8.50%."
IN,India,Reserve Bank of India,Policy repo rate,2013-01-29,point,7.75,775,7.75,7.75,8.0,-25,cut,in-repo,policy,secondary,source-reuters-historical-2025,https://www.reuters.com/world/india/changes-indias-repo-rate-since-june-2000-2025-12-05/,,6b9bdc02c553c5cdb32c49c1a749a6e7760d2e0adcfe28990fed8b9719739060,"From 29 Jan 2013 the RBI policy repo rate was 7.75%, down 25 bps from 8.00%."
IN,India,Reserve Bank of India,Policy repo rate,2013-03-19,point,7.5,750,7.5,7.5,7.75,-25,cut,in-repo,policy,secondary,source-reuters-historical-2025,https://www.reuters.com/world/india/changes-indias-repo-rate-since-june-2000-2025-12-05/,,6b9bdc02c553c5cdb32c49c1a749a6e7760d2e0adcfe28990fed8b9719739060,"From 19 Mar 2013 the RBI policy repo rate was 7.50%, down 25 bps from 7.75%."
IN,India,Reserve Bank of India,Policy repo rate,2013-05-03,point,7.25,725,7.25,7.25,7.5,-25,cut,in-repo,policy,secondary,source-reuters-historical-2025,https://www.reuters.com/world/india/changes-indias-repo-rate-since-june-2000-2025-12-05/,,6b9bdc02c553c5cdb32c49c1a749a6e7760d2e0adcfe28990fed8b9719739060,"From 3 May 2013 the RBI policy repo rate was 7.25%, down 25 bps from 7.50%."
IN,India,Reserve Bank of India,Policy repo rate,2013-09-20,point,7.5,750,7.5,7.5,7.25,25,hike,in-repo,policy,secondary,source-reuters-historical-2025,https://www.reuters.com/world/india/changes-indias-repo-rate-since-june-2000-2025-12-05/,,6b9bdc02c553c5cdb32c49c1a749a6e7760d2e0adcfe28990fed8b9719739060,"From 20 Sept 2013 the RBI policy repo rate was 7.50%, up 25 bps from 7.25%."
IN,India,Reserve Bank of India,Policy repo rate,2013-10-29,point,7.75,775,7.75,7.75,7.5,25,hike,in-repo,policy,secondary,source-reuters-historical-2025,https://www.reuters.com/world/india/changes-indias-repo-rate-since-june-2000-2025-12-05/,,6b9bdc02c553c5cdb32c49c1a749a6e7760d2e0adcfe28990fed8b9719739060,"From 29 Oct 2013 the RBI policy repo rate was 7.75%, up 25 bps from 7.50%."
IN,India,Reserve Bank of India,Policy repo rate,2014-01-28,point,8.0,800,8.0,8.0,7.75,25,hike,in-repo,policy,secondary,source-reuters-historical-2025,https://www.reuters.com/world/india/changes-indias-repo-rate-since-june-2000-2025-12-05/,,6b9bdc02c553c5cdb32c49c1a749a6e7760d2e0adcfe28990fed8b9719739060,"From 28 Jan 2014 the RBI policy repo rate was 8.00%, up 25 bps from 7.75%."
IN,India,Reserve Bank of India,Policy repo rate,2015-01-15,point,7.75,775,7.75,7.75,8.0,-25,cut,in-repo,policy,secondary,source-reuters-historical-2025,https://www.reuters.com/world/india/changes-indias-repo-rate-since-june-2000-2025-12-05/,,6b9bdc02c553c5cdb32c49c1a749a6e7760d2e0adcfe28990fed8b9719739060,"From 15 Jan 2015 the RBI policy repo rate was 7.75%, down 25 bps from 8.00%."
IN,India,Reserve Bank of India,Policy repo rate,2015-03-04,point,7.5,750,7.5,7.5,7.75,-25,cut,in-repo,policy,secondary,source-reuters-historical-2025,https://www.reuters.com/world/india/changes-indias-repo-rate-since-june-2000-2025-12-05/,,6b9bdc02c553c5cdb32c49c1a749a6e7760d2e0adcfe28990fed8b9719739060,"From 4 Mar 2015 the RBI policy repo rate was 7.50%, down 25 bps from 7.75%."
IN,India,Reserve Bank of India,Policy repo rate,2015-06-02,point,7.25,725,7.25,7.25,7.5,-25,cut,in-repo,policy,secondary,source-reuters-historical-2025,https://www.reuters.com/world/india/changes-indias-repo-rate-since-june-2000-2025-12-05/,,6b9bdc02c553c5cdb32c49c1a749a6e7760d2e0adcfe28990fed8b9719739060,"From 2 Jun 2015 the RBI policy repo rate was 7.25%, down 25 bps from 7.50%."
IN,India,Reserve Bank of India,Policy repo rate,2015-09-29,point,6.75,675,6.75,6.75,7.25,-50,cut,in-repo,policy,secondary,source-reuters-historical-2025,https://www.reuters.com/world/india/changes-indias-repo-rate-since-june-2000-2025-12-05/,,6b9bdc02c553c5cdb32c49c1a749a6e7760d2e0adcfe28990fed8b9719739060,"From 29 Sept 2015 the RBI policy repo rate was 6.75%, down 50 bps from 7.25%."
IN,India,Reserve Bank of India,Policy repo rate,2016-04-05,point,6.5,650,6.5,6.5,6.75,-25,cut,in-repo,policy,secondary,source-reuters-historical-2025,https://www.reuters.com/world/india/changes-indias-repo-rate-since-june-2000-2025-12-05/,,6b9bdc02c553c5cdb32c49c1a749a6e7760d2e0adcfe28990fed8b9719739060,"From 5 Apr 2016 the RBI policy repo rate was 6.50%, down 25 bps from 6.75%."
IN,India,Reserve Bank of India,Policy repo rate,2016-10-04,point,6.25,625,6.25,6.25,6.5,-25,cut,in-repo,policy,official,in-mpc-38224,https://www.rbi.org.in/Scripts/BS_PressReleaseDisplay.aspx?prid=38224,IN-2016-10-04,6b9bdc02c553c5cdb32c49c1a749a6e7760d2e0adcfe28990fed8b9719739060,"From 4 Oct 2016 the RBI policy repo rate was 6.25%, down 25 bps from 6.50%."
IN,India,Reserve Bank of India,Policy repo rate,2017-08-02,point,6.0,600,6.0,6.0,6.25,-25,cut,in-repo,policy,official,in-mpc-41256,https://www.rbi.org.in/Scripts/BS_PressReleaseDisplay.aspx?prid=41256,IN-2017-08-02,6b9bdc02c553c5cdb32c49c1a749a6e7760d2e0adcfe28990fed8b9719739060,"From 2 Aug 2017 the RBI policy repo rate was 6.00%, down 25 bps from 6.25%."
IN,India,Reserve Bank of India,Policy repo rate,2018-06-06,point,6.25,625,6.25,6.25,6.0,25,hike,in-repo,policy,official,in-mpc-44125,https://www.rbi.org.in/Scripts/BS_PressReleaseDisplay.aspx?prid=44125,IN-2018-06-06,6b9bdc02c553c5cdb32c49c1a749a6e7760d2e0adcfe28990fed8b9719739060,"From 6 Jun 2018 the RBI policy repo rate was 6.25%, up 25 bps from 6.00%."
IN,India,Reserve Bank of India,Policy repo rate,2018-08-01,point,6.5,650,6.5,6.5,6.25,25,hike,in-repo,policy,official,in-mpc-44636,https://www.rbi.org.in/Scripts/BS_PressReleaseDisplay.aspx?prid=44636,IN-2018-08-01,6b9bdc02c553c5cdb32c49c1a749a6e7760d2e0adcfe28990fed8b9719739060,"From 1 Aug 2018 the RBI policy repo rate was 6.50%, up 25 bps from 6.25%."
IN,India,Reserve Bank of India,Policy repo rate,2019-02-07,point,6.25,625,6.25,6.25,6.5,-25,cut,in-repo,policy,official,in-mpc-46235,https://www.rbi.org.in/Scripts/BS_PressReleaseDisplay.aspx?prid=46235,IN-2019-02-07,6b9bdc02c553c5cdb32c49c1a749a6e7760d2e0adcfe28990fed8b9719739060,"From 7 Feb 2019 the RBI policy repo rate was 6.25%, down 25 bps from 6.50%."
IN,India,Reserve Bank of India,Policy repo rate,2019-04-04,point,6.0,600,6.0,6.0,6.25,-25,cut,in-repo,policy,official,in-mpc-46722,https://www.rbi.org.in/Scripts/BS_PressReleaseDisplay.aspx?prid=46722,IN-2019-04-04,6b9bdc02c553c5cdb32c49c1a749a6e7760d2e0adcfe28990fed8b9719739060,"From 4 Apr 2019 the RBI policy repo rate was 6.00%, down 25 bps from 6.25%."
IN,India,Reserve Bank of India,Policy repo rate,2019-06-06,point,5.75,575,5.75,5.75,6.0,-25,cut,in-repo,policy,official,in-mpc-47225,https://www.rbi.org.in/Scripts/BS_PressReleaseDisplay.aspx?prid=47225,IN-2019-06-06,6b9bdc02c553c5cdb32c49c1a749a6e7760d2e0adcfe28990fed8b9719739060,"From 6 Jun 2019 the RBI policy repo rate was 5.75%, down 25 bps from 6.00%."
IN,India,Reserve Bank of India,Policy repo rate,2019-08-07,point,5.4,540,5.4,5.4,5.75,-35,cut,in-repo,policy,official,in-mpc-47818,https://www.rbi.org.in/Scripts/BS_PressReleaseDisplay.aspx?prid=47818,IN-2019-08-07,6b9bdc02c553c5cdb32c49c1a749a6e7760d2e0adcfe28990fed8b9719739060,"From 7 Aug 2019 the RBI policy repo rate was 5.40%, down 35 bps from 5.75%."
IN,India,Reserve Bank of India,Policy repo rate,2019-10-04,point,5.15,515,5.15,5.15,5.4,-25,cut,in-repo,policy,official,in-mpc-48319,https://www.rbi.org.in/Scripts/BS_PressReleaseDisplay.aspx?prid=48319,IN-2019-10-04,6b9bdc02c553c5cdb32c49c1a749a6e7760d2e0adcfe28990fed8b9719739060,"From 4 Oct 2019 the RBI policy repo rate was 5.15%, down 25 bps from 5.40%."
IN,India,Reserve Bank of India,Policy repo rate,2020-03-27,point,4.4,440,4.4,4.4,5.15,-75,cut,in-repo,policy,official,in-mpc-49581,https://www.rbi.org.in/Scripts/BS_PressReleaseDisplay.aspx?prid=49581,IN-2020-03-27,6b9bdc02c553c5cdb32c49c1a749a6e7760d2e0adcfe28990fed8b9719739060,"From 27 Mar 2020 the RBI policy repo rate was 4.40%, down 75 bps from 5.15%."
IN,India,Reserve Bank of India,Policy repo rate,2020-05-22,point,4.0,400,4.0,4.0,4.4,-40,cut,in-repo,policy,official,in-mpc-49843,https://www.rbi.org.in/Scripts/BS_PressReleaseDisplay.aspx?prid=49843,IN-2020-05-22,6b9bdc02c553c5cdb32c49c1a749a6e7760d2e0adcfe28990fed8b9719739060,"From 22 May 2020 the RBI policy repo rate was 4.00%, down 40 bps from 4.40%."
IN,India,Reserve Bank of India,Policy repo rate,2022-05-04,point,4.4,440,4.4,4.4,4.0,40,hike,in-repo,policy,official,in-mpc-53652,https://www.rbi.org.in/Scripts/BS_PressReleaseDisplay.aspx?prid=53652,IN-2022-05-04,6b9bdc02c553c5cdb32c49c1a749a6e7760d2e0adcfe28990fed8b9719739060,"From 4 May 2022 the RBI policy repo rate was 4.40%, up 40 bps from 4.00%."
IN,India,Reserve Bank of India,Policy repo rate,2022-06-08,point,4.9,490,4.9,4.9,4.4,50,hike,in-repo,policy,official,in-mpc-53832,https://www.rbi.org.in/Scripts/BS_PressReleaseDisplay.aspx?prid=53832,IN-2022-06-08,6b9bdc02c553c5cdb32c49c1a749a6e7760d2e0adcfe28990fed8b9719739060,"From 8 Jun 2022 the RBI policy repo rate was 4.90%, up 50 bps from 4.40%."
IN,India,Reserve Bank of India,Policy repo rate,2022-08-05,point,5.4,540,5.4,5.4,4.9,50,hike,in-repo,policy,official,in-mpc-54148,https://www.rbi.org.in/Scripts/BS_PressReleaseDisplay.aspx?prid=54148,IN-2022-08-05,6b9bdc02c553c5cdb32c49c1a749a6e7760d2e0adcfe28990fed8b9719739060,"From 5 Aug 2022 the RBI policy repo rate was 5.40%, up 50 bps from 4.90%."
IN,India,Reserve Bank of India,Policy repo rate,2022-09-30,point,5.9,590,5.9,5.9,5.4,50,hike,in-repo,policy,official,in-mpc-54465,https://www.rbi.org.in/Scripts/BS_PressReleaseDisplay.aspx?prid=54465,IN-2022-09-30,6b9bdc02c553c5cdb32c49c1a749a6e7760d2e0adcfe28990fed8b9719739060,"From 30 Sept 2022 the RBI policy repo rate was 5.90%, up 50 bps from 5.40%."
IN,India,Reserve Bank of India,Policy repo rate,2022-12-07,point,6.25,625,6.25,6.25,5.9,35,hike,in-repo,policy,official,in-mpc-54818,https://www.rbi.org.in/Scripts/BS_PressReleaseDisplay.aspx?prid=54818,IN-2022-12-07,6b9bdc02c553c5cdb32c49c1a749a6e7760d2e0adcfe28990fed8b9719739060,"From 7 Dec 2022 the RBI policy repo rate was 6.25%, up 35 bps from 5.90%."
IN,India,Reserve Bank of India,Policy repo rate,2023-02-08,point,6.5,650,6.5,6.5,6.25,25,hike,in-repo,policy,official,in-mpc-55178,https://www.rbi.org.in/Scripts/BS_PressReleaseDisplay.aspx?prid=55178,IN-2023-02-08,6b9bdc02c553c5cdb32c49c1a749a6e7760d2e0adcfe28990fed8b9719739060,"From 8 Feb 2023 the RBI policy repo rate was 6.50%, up 25 bps from 6.25%."
IN,India,Reserve Bank of India,Policy repo rate,2025-02-07,point,6.25,625,6.25,6.25,6.5,-25,cut,in-repo,policy,official,in-mpc-59692,https://www.rbi.org.in/Scripts/BS_PressReleaseDisplay.aspx?prid=59692,IN-2025-02-07,6b9bdc02c553c5cdb32c49c1a749a6e7760d2e0adcfe28990fed8b9719739060,"From 7 Feb 2025 the RBI policy repo rate was 6.25%, down 25 bps from 6.50%."
IN,India,Reserve Bank of India,Policy repo rate,2025-04-09,point,6.0,600,6.0,6.0,6.25,-25,cut,in-repo,policy,official,in-mpc-60176,https://www.rbi.org.in/Scripts/BS_PressReleaseDisplay.aspx?prid=60176,IN-2025-04-09,6b9bdc02c553c5cdb32c49c1a749a6e7760d2e0adcfe28990fed8b9719739060,"From 9 Apr 2025 the RBI policy repo rate was 6.00%, down 25 bps from 6.25%."
IN,India,Reserve Bank of India,Policy repo rate,2025-06-06,point,5.5,550,5.5,5.5,6.0,-50,cut,in-repo,policy,official,in-mpc-60604,https://www.rbi.org.in/Scripts/BS_PressReleaseDisplay.aspx?prid=60604,IN-2025-06-06,6b9bdc02c553c5cdb32c49c1a749a6e7760d2e0adcfe28990fed8b9719739060,"From 6 Jun 2025 the RBI policy repo rate was 5.50%, down 50 bps from 6.00%."
IN,India,Reserve Bank of India,Policy repo rate,2025-12-05,point,5.25,525,5.25,5.25,5.5,-25,cut,in-repo,policy,official,in-mpc-61749,https://www.rbi.org.in/Scripts/BS_PressReleaseDisplay.aspx?prid=61749,IN-2025-12-05,6b9bdc02c553c5cdb32c49c1a749a6e7760d2e0adcfe28990fed8b9719739060,"From 5 Dec 2025 the RBI policy repo rate was 5.25%, down 25 bps from 5.50%."
IN,India,Reserve Bank of India,Policy repo rate,2026-10-07,point,5.5,550,5.5,5.5,5.25,25,hike,in-repo,policy,official,source-8eb3f54fb9e1,https://www.rbi.org.in/scripts/BS_PressReleaseDisplay.aspx?prid=63742,IN-2026-10-07,6b9bdc02c553c5cdb32c49c1a749a6e7760d2e0adcfe28990fed8b9719739060,"From 7 Oct 2026 the RBI policy repo rate was 5.50%, up 25 bps from 5.25%."
