country_code,year,start_rate_pct,end_rate_pct,min_rate_pct,max_rate_pct,net_change_bps,gross_hikes_bps,gross_cuts_bps,hike_count,cut_count,hold_count,decision_count,is_partial_year,record_text
GB,2000,5.5,6.0,5.5,6.0,50,50,0,2,0,,,false,"In 2000 the BoE bank rate rose twice, ending at 6.00% against 5.50% at the start of the year."
GB,2001,6.0,4.0,4.0,6.0,-200,0,200,0,7,,,false,"In 2001 the BoE bank rate fell seven times, ending at 4.00% against 6.00% at the start of the year."
GB,2002,4.0,4.0,4.0,4.0,0,0,0,0,0,,,false,"In 2002 the BoE bank rate did not change, ending at 4.00% against 4.00% at the start of the year."
GB,2003,4.0,3.75,3.5,4.0,-25,25,50,1,2,,,false,"In 2003 the BoE bank rate rose once and fell twice, ending at 3.75% against 4.00% at the start of the year."
GB,2004,3.75,4.75,3.75,4.75,100,100,0,4,0,,,false,"In 2004 the BoE bank rate rose four times, ending at 4.75% against 3.75% at the start of the year."
GB,2005,4.75,4.5,4.5,4.75,-25,0,25,0,1,,,false,"In 2005 the BoE bank rate fell once, ending at 4.50% against 4.75% at the start of the year."
GB,2006,4.5,5.0,4.5,5.0,50,50,0,2,0,,,false,"In 2006 the BoE bank rate rose twice, ending at 5.00% against 4.50% at the start of the year."
GB,2007,5.0,5.5,5.0,5.75,50,75,25,3,1,,,false,"In 2007 the BoE bank rate rose three times and fell once, ending at 5.50% against 5.00% at the start of the year."
GB,2008,5.5,2.0,2.0,5.5,-350,0,350,0,5,,,false,"In 2008 the BoE bank rate fell five times, ending at 2.00% against 5.50% at the start of the year."
GB,2009,2.0,0.5,0.5,2.0,-150,0,150,0,3,,,false,"In 2009 the BoE bank rate fell three times, ending at 0.50% against 2.00% at the start of the year."
GB,2010,0.5,0.5,0.5,0.5,0,0,0,0,0,,,false,"In 2010 the BoE bank rate did not change, ending at 0.50% against 0.50% at the start of the year."
GB,2011,0.5,0.5,0.5,0.5,0,0,0,0,0,,,false,"In 2011 the BoE bank rate did not change, ending at 0.50% against 0.50% at the start of the year."
GB,2012,0.5,0.5,0.5,0.5,0,0,0,0,0,,,false,"In 2012 the BoE bank rate did not change, ending at 0.50% against 0.50% at the start of the year."
GB,2013,0.5,0.5,0.5,0.5,0,0,0,0,0,,,false,"In 2013 the BoE bank rate did not change, ending at 0.50% against 0.50% at the start of the year."
GB,2014,0.5,0.5,0.5,0.5,0,0,0,0,0,,,false,"In 2014 the BoE bank rate did not change, ending at 0.50% against 0.50% at the start of the year."
GB,2015,0.5,0.5,0.5,0.5,0,0,0,0,0,,,false,"In 2015 the BoE bank rate did not change, ending at 0.50% against 0.50% at the start of the year."
GB,2016,0.5,0.25,0.25,0.5,-25,0,25,0,1,,,false,"In 2016 the BoE bank rate fell once, ending at 0.25% against 0.50% at the start of the year."
GB,2017,0.25,0.5,0.25,0.5,25,25,0,1,0,,,false,"In 2017 the BoE bank rate rose once, ending at 0.50% against 0.25% at the start of the year."
GB,2018,0.5,0.75,0.5,0.75,25,25,0,1,0,,,false,"In 2018 the BoE bank rate rose once, ending at 0.75% against 0.50% at the start of the year."
GB,2019,0.75,0.75,0.75,0.75,0,0,0,0,0,,,false,"In 2019 the BoE bank rate did not change, ending at 0.75% against 0.75% at the start of the year."
GB,2020,0.75,0.1,0.1,0.75,-65,0,65,0,2,,,false,"In 2020 the BoE bank rate fell twice, ending at 0.10% against 0.75% at the start of the year."
GB,2021,0.1,0.25,0.1,0.25,15,15,0,1,0,,,false,"In 2021 the BoE bank rate rose once, ending at 0.25% against 0.10% at the start of the year."
GB,2022,0.25,3.5,0.25,3.5,325,325,0,8,0,,,false,"In 2022 the BoE bank rate rose eight times, ending at 3.50% against 0.25% at the start of the year."
GB,2023,3.5,5.25,3.5,5.25,175,175,0,5,0,,,false,"In 2023 the BoE bank rate rose five times, ending at 5.25% against 3.50% at the start of the year."
GB,2024,5.25,4.75,4.75,5.25,-50,0,50,0,2,,,false,"In 2024 the BoE bank rate fell twice, ending at 4.75% against 5.25% at the start of the year."
GB,2025,4.75,3.75,3.75,4.75,-100,0,100,0,4,,,false,"In 2025 the BoE bank rate fell four times, ending at 3.75% against 4.75% at the start of the year."
GB,2026,3.75,3.75,3.75,3.75,0,0,0,0,0,,,true,"In 2026 (to 6 Oct 2026) the BoE bank rate did not change, ending at 3.75% against 3.75% at the start of the year."
