cycle_id,country_code,direction,start_date,end_date,moves,total_bps,days,from_rate_pct,to_rate_pct,is_current
US-tightening-2000-02-02,US,tightening,2000-02-02,2000-05-16,3,100,104,5.5,6.5,false
US-easing-2001-01-03,US,easing,2001-01-03,2003-06-25,13,-550,903,6.5,1.0,false
US-tightening-2004-06-30,US,tightening,2004-06-30,2006-06-29,17,425,729,1.0,5.25,false
US-easing-2007-09-18,US,easing,2007-09-18,2008-12-16,10,-500,455,5.25,0.25,false
US-tightening-2015-12-16,US,tightening,2015-12-16,2018-12-20,9,225,1100,0.25,2.5,false
US-easing-2019-08-01,US,easing,2019-08-01,2020-03-16,5,-225,228,2.5,0.25,false
US-tightening-2022-03-17,US,tightening,2022-03-17,2023-07-27,11,525,497,0.25,5.5,false
US-easing-2024-09-19,US,easing,2024-09-19,2025-12-11,6,-175,448,5.5,3.75,false
US-tightening-2026-09-17,US,tightening,2026-09-17,2026-09-17,1,25,0,3.75,4.0,true
